window_index,window_start,window_end,text_fragment,audio_interval,video_frame_time,text_valid,audio_valid,visual_valid,face_confidence,feature_file,feature_row
0,0.0,0.5,,"[0.000, 0.500)",0.0,0,1,1,0.98,/root/HuaWeiCup/outputs/samples/-3g5yACwYnA__13/features.npz,0
1,0.5,1.0,,"[0.500, 1.000)",0.5,0,1,1,0.98,/root/HuaWeiCup/outputs/samples/-3g5yACwYnA__13/features.npz,1
2,1.0,1.5,,"[1.000, 1.500)",1.0,0,1,1,0.98,/root/HuaWeiCup/outputs/samples/-3g5yACwYnA__13/features.npz,2
3,1.5,2.0,,"[1.500, 2.000)",1.5,0,1,1,0.98,/root/HuaWeiCup/outputs/samples/-3g5yACwYnA__13/features.npz,3
4,2.0,2.5,They've,"[2.000, 2.500)",2.0,1,1,1,0.98,/root/HuaWeiCup/outputs/samples/-3g5yACwYnA__13/features.npz,4
5,2.5,3.0,They've been able,"[2.500, 3.000)",2.5,1,1,1,0.98,/root/HuaWeiCup/outputs/samples/-3g5yACwYnA__13/features.npz,5
6,3.0,3.5,able to,"[3.000, 3.500)",3.0,1,1,1,0.98,/root/HuaWeiCup/outputs/samples/-3g5yACwYnA__13/features.npz,6
7,3.5,4.0,find solutions,"[3.500, 4.000)",3.5,1,1,1,0.98,/root/HuaWeiCup/outputs/samples/-3g5yACwYnA__13/features.npz,7
8,4.0,4.5,solutions,"[4.000, 4.500)",4.0,1,1,1,0.98,/root/HuaWeiCup/outputs/samples/-3g5yACwYnA__13/features.npz,8
9,4.5,5.0,solutions or,"[4.500, 5.000)",4.5,1,1,1,0.98,/root/HuaWeiCup/outputs/samples/-3g5yACwYnA__13/features.npz,9
10,5.0,5.5,or at least,"[5.000, 5.500)",5.0,1,0,1,0.98,/root/HuaWeiCup/outputs/samples/-3g5yACwYnA__13/features.npz,10
11,5.5,6.0,least bring,"[5.500, 6.000)",,1,0,0,,/root/HuaWeiCup/outputs/samples/-3g5yACwYnA__13/features.npz,11
12,6.0,6.5,bring some,"[6.000, 6.500)",,1,0,0,,/root/HuaWeiCup/outputs/samples/-3g5yACwYnA__13/features.npz,12
13,6.5,7.0,answers,"[6.500, 7.000)",,1,0,0,,/root/HuaWeiCup/outputs/samples/-3g5yACwYnA__13/features.npz,13
14,7.0,7.5,answers to the table.,"[7.000, 7.500)",,1,0,0,,/root/HuaWeiCup/outputs/samples/-3g5yACwYnA__13/features.npz,14
15,7.5,8.0,table.,"[7.500, 8.000)",,1,0,0,,/root/HuaWeiCup/outputs/samples/-3g5yACwYnA__13/features.npz,15
16,8.0,8.5,,"[8.000, 8.500)",,0,0,0,,/root/HuaWeiCup/outputs/samples/-3g5yACwYnA__13/features.npz,16
17,8.5,9.0,,"[8.500, 8.767)",,0,0,0,,/root/HuaWeiCup/outputs/samples/-3g5yACwYnA__13/features.npz,17
