aligned_index,source_word_index,word,start,end,score,valid
0,0,He,0.131,1.016,0.632,True
1,1,explores,1.082,1.639,0.88,True
2,2,why,1.705,1.869,0.949,True
3,3,Black,1.934,2.229,0.779,True
4,4,and,2.295,2.393,0.765,True
5,5,White,2.426,2.655,0.926,True
6,6,Americans,2.688,3.376,0.821,True
7,7,tend,3.442,3.737,0.785,True
8,8,to,3.77,3.835,0.968,True
9,9,have,3.934,4.163,0.898,True
10,10,such,4.229,4.524,0.844,True
11,11,different,4.655,5.114,0.943,True
12,12,outcomes,5.278,5.966,0.891,True
13,13,in,6.064,6.163,0.918,True
14,14,terms,6.196,6.523,0.838,True
15,15,of,6.556,6.654,0.748,True
16,16,"income,",6.818,7.408,0.932,True
17,17,"education,",7.605,8.425,0.955,True
18,18,and,8.523,8.654,0.782,True
19,19,more,8.687,9.015,0.849,True
