evaluation_split,modality,deletion_ratio,strategy,mean_confidence_delta,mean_absolute_intensity_delta,prediction_flip_rate,sample_count
test_selected_cases,audio,0.1,bottom,0.0101230027613671,0.0030450236406235,0.1666666666666666,6
test_selected_cases,audio,0.1,random,-0.0021002819661013,0.0117003005525544,0.0,6
test_selected_cases,audio,0.1,top,-0.0011563585597229,0.0227076367573811,0.0,6
test_selected_cases,audio,0.2,bottom,0.0230679279887089,0.0046908441604063,0.1666666666666666,6
test_selected_cases,audio,0.2,random,9.385975448639172e-06,0.011832274498796,0.0,6
test_selected_cases,audio,0.2,top,0.0101823335784454,0.0335787141868405,0.1666666666666666,6
test_selected_cases,audio,0.3,bottom,0.0252788667452671,0.0097540162987162,0.1666666666666666,6
test_selected_cases,audio,0.3,random,0.0255645544646484,0.0152006060665859,0.1666666666666666,6
test_selected_cases,audio,0.3,top,0.0160045035393442,0.0495536926153519,0.1666666666666666,6
test_selected_cases,text,0.1,bottom,-0.0052060733592071,0.0308603780379243,0.0,6
test_selected_cases,text,0.1,random,0.1331357220544357,0.1912244566791239,0.1666666666666666,6
test_selected_cases,text,0.1,top,0.1917882403118448,0.4673381138591001,0.3333333333333333,6
test_selected_cases,text,0.2,bottom,-0.015337728381696,0.0591230889288098,0.0,6
test_selected_cases,text,0.2,random,0.1189407025040607,0.2330259054395921,0.1666666666666666,6
test_selected_cases,text,0.2,top,0.2059111488830315,0.4944647102126933,0.3333333333333333,6
test_selected_cases,text,0.3,bottom,-0.0229753691805169,0.0727669065674269,0.0,6
test_selected_cases,text,0.3,random,0.1234547642418208,0.181973723681115,0.3333333333333333,6
test_selected_cases,text,0.3,top,0.2419975293249834,0.5487769202770747,0.3333333333333333,6
test_selected_cases,vision,0.1,bottom,-0.013389697801145,0.0060403464985718,0.0,6
test_selected_cases,vision,0.1,random,-0.0126272248642766,0.0138890222476657,0.0,6
test_selected_cases,vision,0.1,top,-0.0009753478047254,0.0493853169453421,0.0,6
test_selected_cases,vision,0.2,bottom,0.0105544131887592,0.0099964410071212,0.1666666666666666,6
test_selected_cases,vision,0.2,random,-0.0028275702305669,0.0283922209169724,0.1666666666666666,6
test_selected_cases,vision,0.2,top,-0.0038954742057068,0.0474500706002428,0.0,6
test_selected_cases,vision,0.3,bottom,0.0107846313360729,0.0128906562928992,0.1666666666666666,6
test_selected_cases,vision,0.3,random,-0.0043036677336965,0.0342462685092112,0.1666666666666666,6
test_selected_cases,vision,0.3,top,-0.0040965793736081,0.0454065006177344,0.0,6
