modality,deletion_ratio,strategy,mean_confidence_delta,mean_absolute_intensity_delta,prediction_flip_rate,sample_count
audio,0.1,bottom,1.984651384587255e-05,0.0011004048208850432,0.0,20
audio,0.1,random,0.0006810531473129822,0.0065156353763284585,0.0,20
audio,0.1,top,0.007370126320366705,0.02067785564890908,0.0,20
audio,0.2,bottom,-0.0001238948085102165,0.002745189265271162,0.0,20
audio,0.2,random,0.0005362280699579113,0.011136924915150389,0.0,20
audio,0.2,top,0.008099171847249512,0.025145142115983808,0.0,20
audio,0.3,bottom,-0.0007047455966906257,0.007414442094576801,0.0,20
audio,0.3,random,0.0009436636623167627,0.012560449460749152,0.0,20
audio,0.3,top,0.010828005703323438,0.030544212293656465,0.0,20
text,0.1,bottom,-0.004634812870168703,0.021560805237202364,0.0,20
text,0.1,random,0.019245401301000952,0.08810655737677268,0.1,20
text,0.1,top,0.22881777738834627,0.49747942970604786,0.35,20
text,0.2,bottom,0.0054788360280407485,0.030262950847680204,0.05,20
text,0.2,random,0.10807993151135924,0.25578216355512484,0.15,20
text,0.2,top,0.2807318070536101,0.6270427587023484,0.4,20
text,0.3,bottom,-0.0031355767855184374,0.0545991144436177,0.05,20
text,0.3,random,0.15164398949222993,0.2649945706118298,0.3,20
text,0.3,top,0.3076002608307857,0.6822722780498756,0.5,20
vision,0.1,bottom,0.0003502078906977124,0.003484812281231174,0.0,20
vision,0.1,random,-0.0005344084506418822,0.0079067171439542,0.0,20
vision,0.1,top,0.015624448162971061,0.019057229296492877,0.0,20
vision,0.2,bottom,0.003799575656496079,0.005882334621626173,0.0,20
vision,0.2,random,-0.0007290038952341149,0.010148509487539412,0.0,20
vision,0.2,top,0.0065707685137206704,0.022918751591434337,0.0,20
vision,0.3,bottom,0.003908435107059021,0.009846160140322047,0.0,20
vision,0.3,random,-0.0010539277054945951,0.01573991530923748,0.0,20
vision,0.3,top,0.005132441932639531,0.026242127799820485,0.0,20
