sample_id,predicted_class,predicted_intensity,video_duration_sec,time_mapping_rule,text_key_positions,text_local_effect_sum,key_text,audio_key_positions,audio_local_effect_sum,audio_time_range,vision_key_positions,vision_local_effect_sum,visual_time_range,visual_key_frame
01,Positive,0.3715885914285715,9.0,aligned-position proportional mapping to video duration,12-13; 15; 7,0.3651760586431392,is essential to | ensuring the | replacing the,2-4; 12-13; 6,0.05655219361157868,0.375-1.500s; 4.125-4.875s; 1.875-2.250s,23-24; 1; 3-4,0.016561312254186444,8.250-9.000s; 0.000-0.375s; 0.750-1.500s,E:\2026\code\code\san2\paper_results\q3\attachment4\exp183_frozen\local_evidence\keyframes\01_vision_1.jpg; E:\2026\code\code\san2\paper_results\q3\attachment4\exp183_frozen\local_evidence\keyframes\01_vision_2.jpg; E:\2026\code\code\san2\paper_results\q3\attachment4\exp183_frozen\local_evidence\keyframes\01_vision_3.jpg
02,Positive,0.5751221442857143,3.6,aligned-position proportional mapping to video duration,15; 11-12; 9,1.2082065683609984,not | other’s happiness | each,5-10; 13; 2,0.023007406310554555,0.686-1.714s; 2.057-2.229s; 0.171-0.343s,12-14; 18-19; 9-10,0.02322817852375466,1.886-2.400s; 2.914-3.257s; 1.371-1.714s,E:\2026\code\code\san2\paper_results\q3\attachment4\exp183_frozen\local_evidence\keyframes\02_vision_1.jpg; E:\2026\code\code\san2\paper_results\q3\attachment4\exp183_frozen\local_evidence\keyframes\02_vision_2.jpg; E:\2026\code\code\san2\paper_results\q3\attachment4\exp183_frozen\local_evidence\keyframes\02_vision_3.jpg
03,Negative,-0.5365382782857143,16.0,aligned-position proportional mapping to video duration,20-21; 25-26; 13,1.3004978204946953,"don't take | into account, | think is",26-27; 18; 13,0.022185239303635345,11.429-12.343s; 7.771-8.229s; 5.486-5.943s,33-35; 1-4; 14-15,0.00932755602879363,14.629-16.000s; 0.000-1.829s; 5.943-6.857s,E:\2026\code\code\san2\paper_results\q3\attachment4\exp183_frozen\local_evidence\keyframes\03_vision_2.jpg; E:\2026\code\code\san2\paper_results\q3\attachment4\exp183_frozen\local_evidence\keyframes\03_vision_3.jpg
04,Positive,-0.06814902428571425,9.233333333333333,aligned-position proportional mapping to video duration,25-28; 13-14; 21,0.8112452715828293,goodbye?] Absolutely not. | should I | cheering,25-27; 2; 11,0.03185773429634751,7.914-8.904s; 0.330-0.660s; 3.298-3.627s,8-10; 2; 15,0.012387032988813258,2.308-3.298s; 0.330-0.660s; 4.617-4.946s,E:\2026\code\code\san2\paper_results\q3\attachment4\exp183_frozen\local_evidence\keyframes\04_vision_1.jpg; E:\2026\code\code\san2\paper_results\q3\attachment4\exp183_frozen\local_evidence\keyframes\04_vision_2.jpg; E:\2026\code\code\san2\paper_results\q3\attachment4\exp183_frozen\local_evidence\keyframes\04_vision_3.jpg
05,Positive,0.8584253885714286,6.1,aligned-position proportional mapping to video duration,17; 1-2; 8,0.22293279354028897,"Marketing. | Hi, my | Chloe, video",1-4; 12,0.024532048129059677,0.000-1.435s; 3.947-4.306s,2-6; 12; 15,0.022811479366282122,0.359-2.153s; 3.947-4.306s; 5.024-5.382s,E:\2026\code\code\san2\paper_results\q3\attachment4\exp183_frozen\local_evidence\keyframes\05_vision_1.jpg; E:\2026\code\code\san2\paper_results\q3\attachment4\exp183_frozen\local_evidence\keyframes\05_vision_2.jpg; E:\2026\code\code\san2\paper_results\q3\attachment4\exp183_frozen\local_evidence\keyframes\05_vision_3.jpg
06,Positive,0.7609294914285715,9.733333333333333,aligned-position proportional mapping to video duration,30-33; 1-3; 27,1.0893351886014022,check out this movie | If you're a | might want,2-6; 22; 28,0.047142182478298114,0.263-1.578s; 5.524-5.787s; 7.103-7.366s,37; 1; 7-10,0.07627111136700274,9.470-9.733s; 0.000-0.263s; 1.578-2.631s,E:\2026\code\code\san2\paper_results\q3\attachment4\exp183_frozen\local_evidence\keyframes\06_vision_2.jpg; E:\2026\code\code\san2\paper_results\q3\attachment4\exp183_frozen\local_evidence\keyframes\06_vision_3.jpg
07,Positive,0.9242615642857144,24.1,aligned-position proportional mapping to video duration,13-15; 47-49; 6-7,0.2424204630563922,attendees “enthusiastically discussed the | make it succeed and | Baadke reports in,7-8; 23-24; 1-2,0.05695454568633472,2.892-3.856s; 10.604-11.568s; 0.000-0.964s,1-9; 49-50; 13-15,0.03414042358788958,0.000-4.338s; 23.136-24.100s; 5.784-7.230s,E:\2026\code\code\san2\paper_results\q3\attachment4\exp183_frozen\local_evidence\keyframes\07_vision_1.jpg; E:\2026\code\code\san2\paper_results\q3\attachment4\exp183_frozen\local_evidence\keyframes\07_vision_3.jpg
08,Neutral,0.2657449394285714,7.966666666666667,aligned-position proportional mapping to video duration,3-4; 11-12; 7,0.09779639237676345,"brings us to | Design Grand Challenge | tonight, the",6-7; 2; 12,0.03686422825186059,3.064-4.290s; 0.613-1.226s; 6.741-7.354s,1-5; 7-8; 13,0.04029210844351437,0.000-3.064s; 3.677-4.903s; 7.354-7.967s,E:\2026\code\code\san2\paper_results\q3\attachment4\exp183_frozen\local_evidence\keyframes\08_vision_1.jpg; E:\2026\code\code\san2\paper_results\q3\attachment4\exp183_frozen\local_evidence\keyframes\08_vision_2.jpg
09,Negative,-1.9893195485714286,11.3,aligned-position proportional mapping to video duration,17-18; 6,0.11732834757182126,not recommend | not like,7-8; 1-2; 12,0.005307615372262412,3.390-4.520s; 0.000-1.130s; 6.215-6.780s,2-5; 17; 8,0.0023202026135822895,0.565-2.825s; 9.040-9.605s; 3.955-4.520s,E:\2026\code\code\san2\paper_results\q3\attachment4\exp183_frozen\local_evidence\keyframes\09_vision_1.jpg; E:\2026\code\code\san2\paper_results\q3\attachment4\exp183_frozen\local_evidence\keyframes\09_vision_3.jpg
10,Negative,-1.5472996771428573,10.833333333333334,aligned-position proportional mapping to video duration,32; 1,1.4291378751455261,terrible | (umm),13-14; 10-11; 31,0.018702522187297954,4.062-4.740s; 3.047-3.724s; 10.156-10.495s,1-5; 31-32; 26,0.014353873494808506,0.000-1.693s; 10.156-10.833s; 8.464-8.802s,E:\2026\code\code\san2\paper_results\q3\attachment4\exp183_frozen\local_evidence\keyframes\10_vision_1.jpg; E:\2026\code\code\san2\paper_results\q3\attachment4\exp183_frozen\local_evidence\keyframes\10_vision_3.jpg
11,Negative,-1.6974666942857144,11.4,aligned-position proportional mapping to video duration,5,0.7704320447504981,ashamed,4-5; 1; 16,0.0028066620291885003,2.138-3.562s; 0.000-0.713s; 10.688-11.400s,3-4; 16; 1,0.006374302728695084,1.425-2.850s; 10.688-11.400s; 0.000-0.713s,E:\2026\code\code\san2\paper_results\q3\attachment4\exp183_frozen\local_evidence\keyframes\11_vision_1.jpg; E:\2026\code\code\san2\paper_results\q3\attachment4\exp183_frozen\local_evidence\keyframes\11_vision_3.jpg
12,Negative,-1.0253192771428572,20.3,aligned-position proportional mapping to video duration,24-26; 42-44; 3,0.409303585159802,"by fault of | is very low. | worse, an",41-43; 34-36; 10-11,0.031099849758842592,18.455-19.839s; 15.225-16.609s; 4.152-5.075s,44; 1-2; 13-14,0.01028197251690192,19.839-20.300s; 0.000-0.923s; 5.536-6.459s,E:\2026\code\code\san2\paper_results\q3\attachment4\exp183_frozen\local_evidence\keyframes\12_vision_2.jpg; E:\2026\code\code\san2\paper_results\q3\attachment4\exp183_frozen\local_evidence\keyframes\12_vision_3.jpg
13,Neutral,0.20517841574285717,8.666666666666666,aligned-position proportional mapping to video duration,15-16; 22; 32,0.3920750666715503,"that data, I | relationship between | more.",12-14; 17-19; 7,0.039248129442765234,2.979-3.792s; 4.333-5.146s; 1.625-1.896s,31-32; 23-25; 6-8,0.26456424057136474,8.125-8.667s; 5.958-6.771s; 1.354-2.167s,E:\2026\code\code\san2\paper_results\q3\attachment4\exp183_frozen\local_evidence\keyframes\13_vision_1.jpg; E:\2026\code\code\san2\paper_results\q3\attachment4\exp183_frozen\local_evidence\keyframes\13_vision_2.jpg; E:\2026\code\code\san2\paper_results\q3\attachment4\exp183_frozen\local_evidence\keyframes\13_vision_3.jpg
14,Positive,0.43920466285714277,13.833333333333334,aligned-position proportional mapping to video duration,29-30; 12-13; 34-36,0.38676551765234823,(UFE) courses | Vettese Limited | Toronto's York University.,25-28; 11; 8,0.07677643228814204,8.973-10.468s; 3.739-4.113s; 2.617-2.991s,15-21; 33-36; 31,0.013476680797597462,5.234-7.851s; 11.964-13.459s; 11.216-11.590s,E:\2026\code\code\san2\paper_results\q3\attachment4\exp183_frozen\local_evidence\keyframes\14_vision_1.jpg
15,Positive,1.0121711614285713,7.333333333333333,aligned-position proportional mapping to video duration,19-22; 15-17,0.28659908256960753,power to transform lives | believed in its,22-23; 4-5; 1,0.023894244997587983,6.696-7.333s; 0.957-1.594s; 0.000-0.319s,18; 22; 1,0.017299462630322872,5.420-5.739s; 6.696-7.014s; 0.000-0.319s,E:\2026\code\code\san2\paper_results\q3\attachment4\exp183_frozen\local_evidence\keyframes\15_vision_1.jpg; E:\2026\code\code\san2\paper_results\q3\attachment4\exp183_frozen\local_evidence\keyframes\15_vision_2.jpg; E:\2026\code\code\san2\paper_results\q3\attachment4\exp183_frozen\local_evidence\keyframes\15_vision_3.jpg
16,Negative,-1.972915857142857,5.566666666666666,aligned-position proportional mapping to video duration,11-13; 8-9,0.0720727044168383,terrible movie | is a,8; 11-12; 6,0.005504981351749316,2.997-3.426s; 4.282-5.138s; 2.141-2.569s,1; 13; 11,0.003149349353131159,0.000-0.428s; 5.138-5.567s; 4.282-4.710s,E:\2026\code\code\san2\paper_results\q3\attachment4\exp183_frozen\local_evidence\keyframes\16_vision_1.jpg
17,Positive,1.2865332285714286,13.966666666666667,aligned-position proportional mapping to video duration,13-17; 20-21; 26,0.25448146971291125,easy and will make people | you turned | guru.,20-21; 24-26; 1-2,0.00942613226761942,10.206-11.281s; 12.355-13.967s; 0.000-1.074s,20-24; 1-4; 26,0.017193103234154572,10.206-12.892s; 0.000-2.149s; 13.429-13.967s,E:\2026\code\code\san2\paper_results\q3\attachment4\exp183_frozen\local_evidence\keyframes\17_vision_2.jpg
18,Neutral,-0.2816588454285714,22.866666666666667,aligned-position proportional mapping to video duration,24; 15-17; 33-34,0.6417756764269718,"denied MSC | – certified -Meanwhile, the | the fishery has",2-5; 36; 8,0.04137515545862633,0.457-2.287s; 16.007-16.464s; 3.201-3.659s,46-50; 24-26; 1,0.018885134429402546,20.580-22.867s; 10.519-11.891s; 0.000-0.457s,E:\2026\code\code\san2\paper_results\q3\attachment4\exp183_frozen\local_evidence\keyframes\18_vision_2.jpg; E:\2026\code\code\san2\paper_results\q3\attachment4\exp183_frozen\local_evidence\keyframes\18_vision_3.jpg
19,Positive,0.6138137714285714,18.7,aligned-position proportional mapping to video duration,4-5; 38-39; 1-2,2.245874810393655,"surprisingly forgiving brands | most part, people | People are",13-15; 40; 35,0.18500222546483186,5.473-6.841s; 17.788-18.244s; 15.507-15.963s,1-3; 40-41; 10-12,0.2040417146817695,0.000-1.368s; 17.788-18.700s; 4.105-5.473s,E:\2026\code\code\san2\paper_results\q3\attachment4\exp183_frozen\local_evidence\keyframes\19_vision_1.jpg; E:\2026\code\code\san2\paper_results\q3\attachment4\exp183_frozen\local_evidence\keyframes\19_vision_3.jpg
20,Positive,0.94219073,18.7,aligned-position proportional mapping to video duration,1-4; 29-31; 19-20,0.26509241284027785,"And of course, click | and a stock | for more, and",14-16; 24-25; 10-11,0.025824745902620974,5.402-6.649s; 9.558-10.389s; 3.740-4.571s,31-37; 39-44; 16-19,0.021477071172727236,12.467-15.376s; 15.791-18.284s; 6.233-7.896s,E:\2026\code\code\san2\paper_results\q3\attachment4\exp183_frozen\local_evidence\keyframes\20_vision_3.jpg
