id,predicted_label,negative_probability,neutral_probability,positive_probability,predicted_intensity
0::joint::text::10::top,Neutral,0.03546414,0.95648617,0.0080497395,-0.021392459
0::joint::text::10::bottom,Neutral,0.015162078,0.97646713,0.008370799,0.02761763
0::joint::text::10::random,Neutral,0.017476002,0.97695494,0.005569079,-0.017547408
0::joint::text::20::top,Neutral,0.018756643,0.97611254,0.0051308046,-0.05599325
0::joint::text::20::bottom,Neutral,0.02556195,0.961923,0.012515016,0.01580796
0::joint::text::20::random,Neutral,0.009789938,0.98512703,0.005082996,-0.016494585
0::joint::text::30::top,Neutral,0.014204815,0.9791723,0.006622808,-0.023498056
0::joint::text::30::bottom,Neutral,0.04275636,0.94071114,0.016532578,0.00088024145
0::joint::text::30::random,Neutral,0.0086572105,0.9858172,0.005525477,-0.015685894
0::joint::audio::10::top,Neutral,0.01619875,0.96884996,0.0149513185,0.06438221
0::joint::audio::10::bottom,Neutral,0.012506318,0.96721804,0.020275684,0.080852
0::joint::audio::10::random,Neutral,0.012055777,0.9688582,0.019086068,0.07804635
0::joint::audio::20::top,Neutral,0.017635819,0.968713,0.013651187,0.059989564
0::joint::audio::20::bottom,Neutral,0.014568973,0.9633628,0.022068132,0.0814619
0::joint::audio::20::random,Neutral,0.014509501,0.96265036,0.02284014,0.08353554
0::joint::audio::30::top,Neutral,0.0126943765,0.97040725,0.016898345,0.074935585
0::joint::audio::30::bottom,Neutral,0.01963722,0.95479536,0.025567438,0.08371849
0::joint::audio::30::random,Neutral,0.018308574,0.96223557,0.019455757,0.074081615
0::joint::vision::10::top,Neutral,0.01452089,0.9685246,0.016954528,0.07176365
0::joint::vision::10::bottom,Neutral,0.012371263,0.9666071,0.021021571,0.08249873
0::joint::vision::10::random,Neutral,0.012406728,0.96646935,0.021123901,0.08280367
0::joint::vision::20::top,Neutral,0.014728186,0.96754676,0.017725008,0.07261765
0::joint::vision::20::bottom,Neutral,0.012524778,0.96646786,0.021007327,0.08219378
0::joint::vision::20::random,Neutral,0.01256211,0.9655225,0.021915281,0.08371849
0::joint::vision::30::top,Neutral,0.01509523,0.9657224,0.019182408,0.073776625
0::joint::vision::30::bottom,Neutral,0.011941332,0.9654363,0.02262236,0.086279914
0::joint::vision::30::random,Neutral,0.012676391,0.96456575,0.02275789,0.08396245
1::joint::text::10::top,Negative,0.9799531,0.016427727,0.0036190609,-0.88188493
1::joint::text::10::bottom,Positive,0.03994276,0.13014165,0.8299155,0.22285533
1::joint::text::10::random,Neutral,0.05982119,0.9126068,0.027572006,-0.09146335
1::joint::text::20::top,Negative,0.99050945,0.006838181,0.0026523187,-1.3320279
1::joint::text::20::bottom,Neutral,0.050488845,0.53664064,0.41287047,0.065053284
1::joint::text::20::random,Negative,0.6460392,0.34008437,0.013876464,-0.34297633
1::joint::text::30::top,Negative,0.97191733,0.024042029,0.0040406315,-0.9147772
1::joint::text::30::bottom,Positive,0.043464527,0.080675416,0.87586004,0.2787348
1::joint::text::30::random,Negative,0.927851,0.06623566,0.005913316,-0.6109656
1::joint::audio::10::top,Positive,0.049080454,0.19631791,0.75460166,0.16438596
1::joint::audio::10::bottom,Positive,0.053842463,0.21826133,0.72789615,0.15416098
1::joint::audio::10::random,Positive,0.05130555,0.19564565,0.7530488,0.16548127
1::joint::audio::20::top,Positive,0.045516107,0.1659421,0.7885418,0.1820271
1::joint::audio::20::bottom,Positive,0.056771267,0.19632623,0.7469026,0.15903048
1::joint::audio::20::random,Positive,0.05277448,0.1935154,0.75371015,0.16584638
1::joint::audio::30::top,Positive,0.040238697,0.13112743,0.82863384,0.20767513
1::joint::audio::30::bottom,Positive,0.06040712,0.17856918,0.76102364,0.16414256
1::joint::audio::30::random,Positive,0.05485989,0.18002401,0.76511616,0.16815853
1::joint::vision::10::top,Positive,0.047096234,0.19035436,0.76254934,0.16681993
1::joint::vision::10::bottom,Positive,0.049354814,0.1819958,0.7686494,0.16365573
1::joint::vision::10::random,Positive,0.047122955,0.1907288,0.76214826,0.16633315
1::joint::vision::20::top,Positive,0.045395147,0.17357752,0.7810273,0.17302553
1::joint::vision::20::bottom,Positive,0.048008382,0.16817251,0.78381914,0.16888863
1::joint::vision::20::random,Positive,0.04559478,0.17427862,0.7801267,0.17253888
1::joint::vision::30::top,Positive,0.04372223,0.15760514,0.7986727,0.18020272
1::joint::vision::30::bottom,Positive,0.047144234,0.15765055,0.79520524,0.17424215
1::joint::vision::30::random,Positive,0.044918705,0.16342571,0.79165554,0.17728344
2::joint::text::10::top,Neutral,0.042588644,0.95064044,0.006770842,-0.07395962
2::joint::text::10::bottom,Negative,0.97627145,0.019050494,0.0046780696,-0.7085346
2::joint::text::10::random,Negative,0.98705256,0.009603229,0.0033441372,-0.9645381
2::joint::text::20::top,Neutral,0.017931968,0.9769032,0.005164775,-0.06712747
2::joint::text::20::bottom,Negative,0.9852358,0.010629079,0.0041350718,-0.8970271
2::joint::text::20::random,Neutral,0.10260328,0.8904384,0.0069582835,-0.13638055
2::joint::text::30::top,Neutral,0.011554308,0.9835531,0.004892645,-0.054406878
2::joint::text::30::bottom,Negative,0.9873081,0.00898234,0.003709506,-1.0903606
2::joint::text::30::random,Neutral,0.3801731,0.6062759,0.013550995,-0.21557021
2::joint::audio::10::top,Negative,0.97863984,0.01722514,0.004135062,-0.74759334
2::joint::audio::10::bottom,Negative,0.98120224,0.015181447,0.0036163665,-0.7900202
2::joint::audio::10::random,Negative,0.98095524,0.015468217,0.0035766016,-0.7900202
2::joint::audio::20::top,Negative,0.97867155,0.017318666,0.0040096845,-0.75537324
2::joint::audio::20::bottom,Negative,0.98156875,0.014933812,0.0034974357,-0.7959244
2::joint::audio::20::random,Negative,0.98159903,0.014744278,0.0036567051,-0.7922918
2::joint::audio::30::top,Negative,0.9781312,0.017932802,0.003936026,-0.7604015
2::joint::audio::30::bottom,Negative,0.9840799,0.012519642,0.0034004662,-0.8294053
2::joint::audio::30::random,Negative,0.9809172,0.015368269,0.0037144504,-0.7859289
2::joint::vision::10::top,Negative,0.98118746,0.015203504,0.003609025,-0.78865683
2::joint::vision::10::bottom,Negative,0.9804182,0.015850274,0.0037314787,-0.78046894
2::joint::vision::10::random,Negative,0.9809568,0.0154098235,0.0036333047,-0.7850193
2::joint::vision::20::top,Negative,0.98135984,0.015025926,0.0036141884,-0.7900202
2::joint::vision::20::bottom,Negative,0.98051715,0.015701566,0.0037812816,-0.7813792
2::joint::vision::20::random,Negative,0.98096573,0.01537057,0.003663653,-0.7841095
2::joint::vision::30::top,Negative,0.98164356,0.014748434,0.0036079763,-0.7895658
2::joint::vision::30::bottom,Negative,0.9803019,0.015844481,0.0038535902,-0.7772813
2::joint::vision::30::random,Negative,0.9804919,0.015761616,0.0037464462,-0.77910304
3::joint::text::10::top,Negative,0.92138445,0.026025575,0.05258999,-0.6436504
3::joint::text::10::bottom,Positive,0.33185858,0.11951577,0.54862565,0.15878701
3::joint::text::10::random,Positive,0.30457476,0.19041099,0.50501424,0.15440446
3::joint::text::20::top,Negative,0.9202537,0.027629942,0.052116275,-0.6678278
3::joint::text::20::bottom,Positive,0.28518158,0.09200297,0.6228155,0.05974552
3::joint::text::20::random,Negative,0.6757392,0.075327225,0.24893357,-0.17339054
3::joint::text::30::top,Negative,0.39809185,0.29271665,0.30919147,0.09146335
3::joint::text::30::bottom,Positive,0.14918117,0.087981746,0.76283705,0.29349187
3::joint::text::30::random,Negative,0.6118075,0.089789316,0.29840308,-0.076155506
3::joint::audio::10::top,Positive,0.15941766,0.2122855,0.62829685,0.30533558
3::joint::audio::10::bottom,Positive,0.14151041,0.20176336,0.6567262,0.32151446
3::joint::audio::10::random,Positive,0.14182448,0.20263648,0.65553904,0.3212731
3::joint::audio::20::top,Positive,0.1656285,0.22085983,0.6135117,0.29470086
3::joint::audio::20::bottom,Positive,0.14995445,0.20112467,0.64892083,0.31596255
3::joint::audio::20::random,Positive,0.15189222,0.20190427,0.6462035,0.314031
3::joint::audio::30::top,Positive,0.16528715,0.20095767,0.6337552,0.29953575
3::joint::audio::30::bottom,Positive,0.16087495,0.19842339,0.64070165,0.30823463
3::joint::audio::30::random,Positive,0.14991152,0.199362,0.65072656,0.31354806
3::joint::vision::10::top,Positive,0.14414242,0.20044357,0.65541404,0.31813532
3::joint::vision::10::bottom,Positive,0.13635045,0.20225354,0.661396,0.32320368
3::joint::vision::10::random,Positive,0.14504175,0.20087346,0.6540847,0.31523827
3::joint::vision::20::top,Positive,0.14932749,0.20874721,0.6419253,0.30267763
3::joint::vision::20::bottom,Positive,0.13691548,0.20214523,0.6609393,0.32054907
3::joint::vision::20::random,Positive,0.14819948,0.20153514,0.65026546,0.3094424
3::joint::vision::30::top,Positive,0.16268466,0.20637003,0.63094527,0.28623602
3::joint::vision::30::bottom,Positive,0.14117962,0.20261475,0.65620565,0.3154797
3::joint::vision::30::random,Positive,0.15091789,0.20397541,0.64510673,0.3021943
4::joint::text::10::top,Neutral,0.007853013,0.873143,0.11900395,0.26614422
4::joint::text::10::bottom,Positive,0.00814991,0.024156697,0.9676934,1.0124162
4::joint::text::10::random,Positive,0.011473576,0.17945234,0.80907404,0.59456575
4::joint::text::20::top,Neutral,0.00441151,0.98675853,0.008829975,0.06026411
4::joint::text::20::bottom,Positive,0.0081555825,0.018193666,0.97365075,1.1114867
4::joint::text::20::random,Positive,0.009873466,0.10465865,0.8854679,0.64970315
4::joint::text::30::top,Neutral,0.005313699,0.9878936,0.0067926915,0.025023833
4::joint::text::30::bottom,Positive,0.008420482,0.025450433,0.96612906,1.03399
4::joint::text::30::random,Positive,0.008543597,0.03329131,0.9581651,0.7763702
4::joint::audio::10::top,Positive,0.008924902,0.030908994,0.96016604,0.94127035
4::joint::audio::10::bottom,Positive,0.008805302,0.040162843,0.9510318,0.88901687
4::joint::audio::10::random,Positive,0.009402212,0.03872696,0.95187086,0.89969397
4::joint::audio::20::top,Positive,0.008617644,0.02181603,0.96956635,1.0132815
4::joint::audio::20::bottom,Positive,0.008598501,0.038208786,0.9531927,0.90147114
4::joint::audio::20::random,Positive,0.009263686,0.036464117,0.9542723,0.91743374
4::joint::audio::30::top,Positive,0.008731112,0.020601042,0.9706679,1.0262372
4::joint::audio::30::bottom,Positive,0.008486651,0.03719499,0.95431834,0.8983607
4::joint::audio::30::random,Positive,0.008875779,0.03223896,0.95888513,0.9447907
4::joint::vision::10::top,Positive,0.008924886,0.0407587,0.9503163,0.8734015
4::joint::vision::10::bottom,Positive,0.008880223,0.039965753,0.95115405,0.88901687
4::joint::vision::10::random,Positive,0.008837433,0.040373314,0.9507892,0.88188493
4::joint::vision::20::top,Positive,0.009181836,0.04373308,0.947085,0.84066653
4::joint::vision::20::bottom,Positive,0.008866109,0.03992577,0.9512081,0.88678926
4::joint::vision::20::random,Positive,0.008823862,0.039421804,0.95175433,0.8881259
4::joint::vision::30::top,Positive,0.0091381725,0.042966373,0.9478955,0.8388665
4::joint::vision::30::bottom,Positive,0.008861036,0.04033834,0.9508006,0.88099265
4::joint::vision::30::random,Positive,0.008978444,0.040508956,0.9505125,0.86893046
5::joint::text::10::top,Positive,0.0114791095,0.06835657,0.92016435,0.6151766
5::joint::text::10::bottom,Positive,0.011026302,0.03470367,0.95426995,0.8384162
5::joint::text::10::random,Positive,0.014842227,0.15723833,0.8279194,0.47830617
5::joint::text::20::top,Positive,0.012315973,0.03105289,0.95663106,0.7416367
5::joint::text::20::bottom,Neutral,0.010924483,0.7850465,0.20402902,0.21459867
5::joint::text::20::random,Neutral,0.011686357,0.8443116,0.14400207,0.14880358
5::joint::text::30::top,Neutral,0.018006071,0.7187917,0.26320213,0.15671757
5::joint::text::30::bottom,Neutral,0.0075820023,0.9421567,0.05026134,0.05599325
5::joint::text::30::random,Neutral,0.0063701863,0.94016325,0.05346654,0.059135407
5::joint::audio::10::top,Positive,0.0097740535,0.023063235,0.9671627,0.98288536
5::joint::audio::10::bottom,Positive,0.00972118,0.022414207,0.96786463,0.9863709
5::joint::audio::10::random,Positive,0.009741984,0.022510748,0.9677472,0.98724174
5::joint::audio::20::top,Positive,0.009929728,0.023291118,0.9667792,0.9820136
5::joint::audio::20::bottom,Positive,0.009769074,0.021656552,0.9685744,0.99246323
5::joint::audio::20::random,Positive,0.009865819,0.021939935,0.96819425,0.99246323
5::joint::audio::30::top,Positive,0.01016743,0.023943327,0.9658893,0.97852445
5::joint::audio::30::bottom,Positive,0.009754686,0.019912973,0.97033226,1.008087
5::joint::audio::30::random,Positive,0.009915494,0.021098826,0.96898574,1.0028859
5::joint::vision::10::top,Positive,0.012447114,0.029892173,0.9576607,0.89613765
5::joint::vision::10::bottom,Positive,0.009967295,0.0232369,0.96679586,0.9662889
5::joint::vision::10::random,Positive,0.00966437,0.02232923,0.9680064,0.97852445
5::joint::vision::20::top,Positive,0.011672257,0.025837567,0.96249014,0.9178764
5::joint::vision::20::bottom,Positive,0.01000114,0.022588205,0.9674107,0.96322453
5::joint::vision::20::random,Positive,0.009627641,0.02149759,0.9688747,0.979397
5::joint::vision::30::top,Positive,0.011111762,0.022902967,0.96598524,0.93422127
5::joint::vision::30::bottom,Positive,0.009842562,0.021298047,0.9688594,0.96891385
5::joint::vision::30::random,Positive,0.00947942,0.020364832,0.9701558,0.9863709
6::joint::text::10::top,Positive,0.03373914,0.08551342,0.88074744,0.3855514
6::joint::text::10::bottom,Positive,0.023329254,0.02182457,0.9548462,0.77226853
6::joint::text::10::random,Positive,0.020772966,0.015817933,0.96340907,0.9306924
6::joint::text::20::top,Positive,0.035648577,0.08048893,0.8838625,0.38723204
6::joint::text::20::bottom,Positive,0.02453854,0.02070373,0.9547577,0.81631047
6::joint::text::20::random,Positive,0.02152067,0.019301882,0.9591774,0.80318195
6::joint::text::30::top,Positive,0.03769445,0.050815854,0.9114897,0.4320342
6::joint::text::30::bottom,Positive,0.026360799,0.01763506,0.9560042,0.90147114
6::joint::text::30::random,Positive,0.023904422,0.022258705,0.9538368,0.72464937
6::joint::audio::10::top,Positive,0.021568524,0.017336916,0.96109456,0.8979162
6::joint::audio::10::bottom,Positive,0.021001266,0.016809385,0.9621893,0.9112328
6::joint::audio::10::random,Positive,0.020044055,0.016030328,0.96392566,0.9253937
6::joint::audio::20::top,Positive,0.022594685,0.017350383,0.960055,0.8899075
6::joint::audio::20::bottom,Positive,0.020864809,0.016101304,0.9630338,0.9214155
6::joint::audio::20::random,Positive,0.020359758,0.015580805,0.9640595,0.92936826
6::joint::audio::30::top,Positive,0.023498442,0.016592294,0.9599092,0.8974716
6::joint::audio::30::bottom,Positive,0.020794693,0.015095353,0.9641099,0.9346621
6::joint::audio::30::random,Positive,0.02140902,0.015325648,0.9632653,0.93201596
6::joint::vision::10::top,Positive,0.028485948,0.021581948,0.94993204,0.8429158
6::joint::vision::10::bottom,Positive,0.01961651,0.016211431,0.96417207,0.92362607
6::joint::vision::10::random,Positive,0.019615714,0.016254224,0.96413004,0.92362607
6::joint::vision::20::top,Positive,0.025870698,0.019051064,0.9550781,0.8760822
6::joint::vision::20::bottom,Positive,0.01880699,0.015583884,0.9656091,0.9355439
6::joint::vision::20::random,Positive,0.020408971,0.016415026,0.9631761,0.91610575
6::joint::vision::30::top,Positive,0.023014825,0.016751083,0.9602341,0.9165485
6::joint::vision::30::bottom,Positive,0.0179095,0.014850945,0.9672396,0.9496263
6::joint::vision::30::random,Positive,0.018766157,0.015215934,0.96601784,0.9377473
7::joint::text::10::top,Neutral,0.013676072,0.9652213,0.021102637,0.031187844
7::joint::text::10::bottom,Neutral,0.009354717,0.9800348,0.010610369,0.010337789
7::joint::text::10::random,Neutral,0.013875375,0.9680531,0.018071536,0.024627132
7::joint::text::20::top,Neutral,0.013232389,0.97381395,0.012953611,0.009529082
7::joint::text::20::bottom,Neutral,0.009924276,0.9720213,0.018054439,0.020034494
7::joint::text::20::random,Neutral,0.027645312,0.8645146,0.10784009,0.05724403
7::joint::text::30::top,Neutral,0.019192053,0.9374515,0.043356523,0.029128114
7::joint::text::30::bottom,Neutral,0.009924276,0.9720213,0.018054439,0.020034494
7::joint::text::30::random,Neutral,0.0432786,0.7920397,0.16468172,0.05553565
7::joint::audio::10::top,Neutral,0.012226518,0.967373,0.020400379,0.046627104
7::joint::audio::10::bottom,Neutral,0.011508679,0.9677187,0.020772668,0.049403496
7::joint::audio::10::random,Neutral,0.011605075,0.9658867,0.022508187,0.052820466
7::joint::audio::20::top,Neutral,0.011556158,0.9676165,0.020827295,0.048122093
7::joint::audio::20::bottom,Neutral,0.011130986,0.96726835,0.021600608,0.052057765
7::joint::audio::20::random,Neutral,0.012408387,0.9645945,0.022997065,0.052820466
7::joint::audio::30::top,Neutral,0.012591159,0.96173114,0.025677677,0.058799844
7::joint::audio::30::bottom,Neutral,0.012166714,0.96811044,0.019722775,0.048122093
7::joint::audio::30::random,Neutral,0.012419159,0.9639585,0.023622328,0.054193325
7::joint::vision::10::top,Neutral,0.012377726,0.9652413,0.022380922,0.05486449
7::joint::vision::10::bottom,Neutral,0.012063732,0.96731937,0.020616863,0.051417086
7::joint::vision::10::random,Neutral,0.012307453,0.9661337,0.021558776,0.053095043
7::joint::vision::20::top,Neutral,0.012537279,0.96493614,0.022526624,0.057274535
7::joint::vision::20::bottom,Neutral,0.012072834,0.96662986,0.021297283,0.05382723
7::joint::vision::20::random,Neutral,0.012502391,0.9659196,0.021577949,0.055108547
7::joint::vision::30::top,Neutral,0.012353919,0.96312237,0.024523705,0.06261298
7::joint::vision::30::bottom,Neutral,0.0120798815,0.9662166,0.021703495,0.055108547
7::joint::vision::30::random,Neutral,0.012208173,0.9641891,0.023602733,0.061026737
8::joint::text::10::top,Negative,0.991273,0.003961261,0.004765758,-2.0289035
8::joint::text::10::bottom,Negative,0.99006474,0.004532179,0.005402969,-2.242742
8::joint::text::10::random,Negative,0.9888632,0.0053973612,0.0057393597,-1.9274122
8::joint::text::20::top,Positive,0.08583938,0.038043734,0.87611693,0.74896705
8::joint::text::20::bottom,Negative,0.9894221,0.0046922453,0.005885586,-2.2323427
8::joint::text::20::random,Negative,0.9891393,0.005335099,0.0055254875,-1.7509264
8::joint::text::30::top,Positive,0.025221828,0.018361501,0.95641667,1.1475255
8::joint::text::30::bottom,Negative,0.98860204,0.004881779,0.0065160794,-2.2323427
8::joint::text::30::random,Negative,0.9871999,0.0051570903,0.00764298,-1.8890394
8::joint::audio::10::top,Negative,0.98993427,0.0044940184,0.0055716606,-2.2323427
8::joint::audio::10::bottom,Negative,0.99013776,0.004464671,0.0053975116,-2.239289
8::joint::audio::10::random,Negative,0.99014497,0.0044231573,0.005431827,-2.2384236
8::joint::audio::20::top,Negative,0.99034935,0.0043086545,0.0053419126,-2.2314706
8::joint::audio::20::bottom,Negative,0.99047405,0.0042932224,0.00523278,-2.2349539
8::joint::audio::20::random,Negative,0.99079615,0.0041575,0.0050463006,-2.2358227
8::joint::audio::30::top,Negative,0.9909688,0.0040725805,0.004958621,-2.2323427
8::joint::audio::30::bottom,Negative,0.99074024,0.0042431797,0.0050165197,-2.2366905
8::joint::audio::30::random,Negative,0.9907922,0.004134141,0.0050736526,-2.2323427
8::joint::vision::10::top,Negative,0.989633,0.0046197306,0.0057471623,-2.2366905
8::joint::vision::10::bottom,Negative,0.989825,0.004556498,0.0056184134,-2.2375574
8::joint::vision::10::random,Negative,0.98985016,0.004564042,0.0055857245,-2.2375574
8::joint::vision::20::top,Negative,0.989364,0.004733702,0.0059022214,-2.2349539
8::joint::vision::20::bottom,Negative,0.989746,0.0045323772,0.005721678,-2.2384236
8::joint::vision::20::random,Negative,0.98977697,0.004600151,0.00562286,-2.2375574
8::joint::vision::30::top,Negative,0.9890872,0.004831371,0.0060814535,-2.2323427
8::joint::vision::30::bottom,Negative,0.98959804,0.0045143096,0.0058876993,-2.2375574
8::joint::vision::30::random,Negative,0.9895784,0.0046529635,0.005768572,-2.2358227
9::joint::text::10::top,Positive,0.013969144,0.010501535,0.9755293,1.5388651
9::joint::text::10::bottom,Negative,0.98191494,0.00791792,0.010167094,-1.8178074
9::joint::text::10::random,Negative,0.9900518,0.005001558,0.0049466854,-2.0499134
9::joint::text::20::top,Positive,0.011642421,0.0100319525,0.9783255,1.3226032
9::joint::text::20::bottom,Negative,0.9863454,0.00641978,0.007234757,-1.8783921
9::joint::text::20::random,Negative,0.99162865,0.0044153105,0.0039559784,-1.9591513
9::joint::text::30::top,Positive,0.07304463,0.050215524,0.87673986,0.53995204
9::joint::text::30::bottom,Negative,0.98291624,0.008171209,0.008912559,-1.7059143
9::joint::text::30::random,Negative,0.9916972,0.0039758286,0.0043270094,-2.039455
9::joint::audio::10::top,Negative,0.9893073,0.0054034656,0.005289332,-1.9647399
9::joint::audio::10::bottom,Negative,0.9889853,0.005521001,0.0054937624,-1.956909
9::joint::audio::10::random,Negative,0.98896253,0.005378374,0.00565917,-1.9557863
9::joint::audio::20::top,Negative,0.98880285,0.0055050245,0.0056921947,-1.9580305
9::joint::audio::20::bottom,Negative,0.98946905,0.0053873993,0.005143519,-1.9625075
9::joint::audio::20::random,Negative,0.98866045,0.0055493796,0.0057901763,-1.9546627
9::joint::audio::30::top,Negative,0.98753583,0.005864512,0.0065995804,-1.9467716
9::joint::audio::30::bottom,Negative,0.9896306,0.0052063623,0.0051631066,-1.9591513
9::joint::audio::30::random,Negative,0.9884033,0.005625198,0.0059714327,-1.9524128
9::joint::vision::10::top,Negative,0.98824656,0.0058461553,0.005907187,-1.9422412
9::joint::vision::10::bottom,Negative,0.9887395,0.00564891,0.0056115584,-1.9557863
9::joint::vision::10::random,Negative,0.98863494,0.0056823017,0.0056827893,-1.9546627
9::joint::vision::20::top,Negative,0.98835015,0.005809777,0.0058400324,-1.9399703
9::joint::vision::20::bottom,Negative,0.98864055,0.0056929956,0.0056665363,-1.9557863
9::joint::vision::20::random,Negative,0.98867244,0.0056608804,0.0056667943,-1.9546627
9::joint::vision::30::top,Negative,0.9885281,0.0057305326,0.005741379,-1.9399703
9::joint::vision::30::bottom,Negative,0.9885688,0.0057152994,0.0057158265,-1.9546627
9::joint::vision::30::random,Negative,0.98866826,0.005678001,0.005653622,-1.9524128
10::joint::text::10::top,Neutral,0.0057070223,0.98747367,0.0068193334,-0.047511898
10::joint::text::10::bottom,Negative,0.9898762,0.007415831,0.0027079338,-1.4657087
10::joint::text::10::random,Negative,0.9879885,0.009397404,0.0026140853,-1.4864327
10::joint::text::20::top,Neutral,0.011627754,0.98287433,0.005497869,-0.07914423
10::joint::text::20::bottom,Negative,0.9917572,0.0052895676,0.0029532253,-1.7006203
10::joint::text::20::random,Negative,0.7392286,0.25136235,0.009408967,-0.6380584
10::joint::text::30::top,Neutral,0.0061868224,0.9894314,0.0043818112,-0.056877952
10::joint::text::30::bottom,Negative,0.99178207,0.005231725,0.0029861755,-1.6833061
10::joint::text::30::random,Negative,0.8417908,0.15098567,0.007223399,-0.7535436
10::joint::audio::10::top,Negative,0.9911193,0.0062598023,0.002620828,-1.4797916
10::joint::audio::10::bottom,Negative,0.99009746,0.007177173,0.00272526,-1.4716488
10::joint::audio::10::random,Negative,0.99081755,0.0064226775,0.0027597956,-1.4901137
10::joint::audio::20::top,Negative,0.9917867,0.005724104,0.0024892052,-1.5003893
10::joint::audio::20::bottom,Negative,0.99027014,0.006998419,0.0027314953,-1.4760939
10::joint::audio::20::random,Negative,0.9908798,0.006451733,0.0026684632,-1.4760939
10::joint::audio::30::top,Negative,0.9920976,0.005433143,0.0024692712,-1.5128038
10::joint::audio::30::bottom,Negative,0.99023634,0.007047112,0.0027165262,-1.4760939
10::joint::audio::30::random,Negative,0.99090815,0.006450231,0.0026415214,-1.4760939
10::joint::vision::10::top,Negative,0.9915292,0.006177672,0.0022930356,-1.5077002
10::joint::vision::10::bottom,Negative,0.9902128,0.0071142805,0.0026730015,-1.4731315
10::joint::vision::10::random,Negative,0.99005085,0.0072123306,0.002736787,-1.469423
10::joint::vision::20::top,Negative,0.9916893,0.005988121,0.0023225553,-1.5025852
10::joint::vision::20::bottom,Negative,0.9904107,0.006912649,0.0026766646,-1.4723902
10::joint::vision::20::random,Negative,0.9900086,0.0071858917,0.0028054393,-1.4649651
10::joint::vision::30::top,Negative,0.9917861,0.0058763684,0.0023373947,-1.4996569
10::joint::vision::30::bottom,Negative,0.99048084,0.006847522,0.0026715684,-1.4723902
10::joint::vision::30::random,Negative,0.9900726,0.007112716,0.0028146447,-1.4634773
11::joint::text::10::top,Negative,0.9562129,0.03747992,0.006307156,-0.562598
11::joint::text::10::bottom,Negative,0.9922613,0.0049524023,0.002786358,-1.2168126
11::joint::text::10::random,Negative,0.9898208,0.007386402,0.002792752,-1.1831805
11::joint::text::20::top,Negative,0.96880823,0.025832027,0.0053597246,-0.63945687
11::joint::text::20::bottom,Negative,0.9927978,0.0043719653,0.0028302397,-1.3115664
11::joint::text::20::random,Negative,0.9872285,0.009161573,0.003609996,-1.087817
11::joint::text::30::top,Neutral,0.32493702,0.6581384,0.016924614,-0.18372974
11::joint::text::30::bottom,Negative,0.99272,0.0044953553,0.002784568,-1.4552773
11::joint::text::30::random,Negative,0.99101293,0.0057654367,0.0032215726,-1.2829846
11::joint::audio::10::top,Negative,0.9915715,0.0056132493,0.0028153248,-1.2484683
11::joint::audio::10::bottom,Negative,0.9927835,0.0046078935,0.002608656,-1.2797911
11::joint::audio::10::random,Negative,0.99256045,0.004819028,0.0026204572,-1.2693874
11::joint::audio::20::top,Negative,0.99199927,0.0052608512,0.0027397482,-1.2645731
11::joint::audio::20::bottom,Negative,0.9929641,0.004368484,0.002667412,-1.2845802
11::joint::audio::20::random,Negative,0.99292034,0.0044760015,0.002603665,-1.2813883
11::joint::audio::30::top,Negative,0.99258375,0.0047508744,0.002665288,-1.2885649
11::joint::audio::30::bottom,Negative,0.993311,0.0041146763,0.002574299,-1.3052399
11::joint::audio::30::random,Negative,0.9932978,0.0041324478,0.00256966,-1.2996925
11::joint::vision::10::top,Negative,0.99236465,0.005036097,0.0025991383,-1.2661787
11::joint::vision::10::bottom,Negative,0.9922713,0.0050951727,0.0026335202,-1.2613591
11::joint::vision::10::random,Negative,0.99231833,0.0050688977,0.0026127137,-1.2629666
11::joint::vision::20::top,Negative,0.99239326,0.0049883574,0.0026184116,-1.2629666
11::joint::vision::20::bottom,Negative,0.992316,0.005034929,0.0026491063,-1.2645731
11::joint::vision::20::random,Negative,0.992321,0.0050386665,0.0026403347,-1.260555
11::joint::vision::30::top,Negative,0.99243003,0.004922051,0.0026477824,-1.2637699
11::joint::vision::30::bottom,Negative,0.9923628,0.004971279,0.0026659484,-1.2637699
11::joint::vision::30::random,Negative,0.9922753,0.0050480273,0.002676703,-1.2541149
12::joint::text::10::top,Neutral,0.026041675,0.9691356,0.0048227496,-0.10402323
12::joint::text::10::bottom,Neutral,0.010854763,0.9837618,0.005383458,-0.055017024
12::joint::text::10::random,Neutral,0.013016675,0.98217016,0.0048131524,-0.050959457
12::joint::text::20::top,Neutral,0.028202863,0.96645445,0.0053426977,-0.088048436
12::joint::text::20::bottom,Neutral,0.008075345,0.9851322,0.0067924387,-0.036588766
12::joint::text::20::random,Neutral,0.018806966,0.9763908,0.004802286,-0.085121185
12::joint::text::30::top,Neutral,0.014326649,0.9816484,0.0040249517,-0.101828545
12::joint::text::30::bottom,Neutral,0.009990445,0.9818306,0.008178934,-0.06987262
12::joint::text::30::random,Neutral,0.035479963,0.9591442,0.00537589,-0.11968742
12::joint::audio::10::top,Neutral,0.015163447,0.97088075,0.013955853,-0.0152739175
12::joint::audio::10::bottom,Neutral,0.012503356,0.9777851,0.009711601,-0.022567322
12::joint::audio::10::random,Neutral,0.013206376,0.9757996,0.010993973,-0.018554453
12::joint::audio::20::top,Neutral,0.015742019,0.96868753,0.015570471,-0.011100718
12::joint::audio::20::bottom,Neutral,0.012767227,0.97743547,0.009797298,-0.023223413
12::joint::audio::20::random,Neutral,0.014358393,0.9732713,0.012370309,-0.0172575
12::joint::audio::30::top,Neutral,0.016284358,0.96699667,0.016718924,-0.008361795
12::joint::audio::30::bottom,Neutral,0.012945674,0.97654676,0.010507587,-0.020904204
12::joint::audio::30::random,Neutral,0.014151969,0.9735621,0.012285951,-0.017120175
12::joint::vision::10::top,Neutral,0.012798192,0.97343695,0.013764799,-0.0021228786
12::joint::vision::10::bottom,Neutral,0.012711533,0.9736139,0.0136745125,-0.0018224714
12::joint::vision::10::random,Neutral,0.0123672,0.9734299,0.014202904,-0.0006041527
12::joint::vision::20::top,Neutral,0.0150110265,0.97058153,0.01440742,-0.0008225441
12::joint::vision::20::bottom,Neutral,0.0150038125,0.9707519,0.014244326,-0.00096750265
12::joint::vision::20::random,Neutral,0.014757769,0.97057724,0.0146649545,-0.0002863407
12::joint::vision::30::top,Neutral,0.016380697,0.9686339,0.014985397,-0.0002784729
12::joint::vision::30::bottom,Neutral,0.016870137,0.96869755,0.014432347,-0.0011453629
12::joint::vision::30::random,Neutral,0.016011858,0.96872956,0.015258545,1.4305115e-06
13::joint::text::10::top,Neutral,0.0117176175,0.5841116,0.4041708,0.4155247
13::joint::text::10::bottom,Neutral,0.0065545063,0.9111717,0.08227383,0.25136244
13::joint::text::10::random,Neutral,0.005216651,0.96665365,0.028129652,0.12736481
13::joint::text::20::top,Neutral,0.008392785,0.8394109,0.15219636,0.28139693
13::joint::text::20::bottom,Neutral,0.003980354,0.9823109,0.0137088,0.08353554
13::joint::text::20::random,Neutral,0.006689399,0.90757155,0.08573897,0.1933352
13::joint::text::30::top,Neutral,0.005414846,0.951398,0.043187022,0.13516235
13::joint::text::30::bottom,Neutral,0.0041896766,0.9782853,0.017524924,0.07932721
13::joint::text::30::random,Neutral,0.0044144327,0.97279686,0.02278864,0.06962861
13::joint::audio::10::top,Neutral,0.008070063,0.86713177,0.12479819,0.2857522
13::joint::audio::10::bottom,Neutral,0.008291536,0.8641495,0.12755895,0.2840586
13::joint::audio::10::random,Neutral,0.008021558,0.87817144,0.11380701,0.2746197
13::joint::audio::20::top,Neutral,0.009577203,0.795505,0.19491781,0.34032562
13::joint::audio::20::bottom,Neutral,0.008446738,0.8625725,0.12898076,0.28526837
13::joint::audio::20::random,Neutral,0.00861639,0.86186254,0.12952101,0.28938064
13::joint::audio::30::top,Neutral,0.011196105,0.65088195,0.33792192,0.43083876
13::joint::audio::30::bottom,Neutral,0.0085706245,0.8616368,0.12979247,0.28768748
13::joint::audio::30::random,Neutral,0.008845172,0.86078864,0.1303662,0.29107365
13::joint::vision::10::top,Neutral,0.0077914125,0.8762508,0.11595771,0.26977706
13::joint::vision::10::bottom,Neutral,0.007896301,0.871342,0.12076171,0.2789768
13::joint::vision::10::random,Neutral,0.00789974,0.87222326,0.11987702,0.27631426
13::joint::vision::20::top,Neutral,0.0076926565,0.87922907,0.11307823,0.26129913
13::joint::vision::20::bottom,Neutral,0.0079049105,0.8708522,0.12124288,0.27704048
13::joint::vision::20::random,Neutral,0.00785885,0.87329,0.11885118,0.27219856
13::joint::vision::30::top,Neutral,0.007483214,0.8865948,0.10592204,0.24736194
13::joint::vision::30::bottom,Neutral,0.007901039,0.871634,0.120464966,0.2741355
13::joint::vision::30::random,Neutral,0.0077909706,0.875687,0.1165221,0.26590195
14::joint::text::10::top,Positive,0.02323935,0.06394347,0.9128171,0.39299232
14::joint::text::10::bottom,Positive,0.017597381,0.016975684,0.9654269,0.81042945
14::joint::text::10::random,Positive,0.020131875,0.018386912,0.9614812,0.7223499
14::joint::text::20::top,Positive,0.02167335,0.06182613,0.9165005,0.41983402
14::joint::text::20::bottom,Positive,0.020412106,0.01954434,0.96004355,0.7370505
14::joint::text::20::random,Positive,0.032688554,0.08419076,0.88312066,0.3497212
14::joint::text::30::top,Positive,0.02106801,0.045913048,0.9330189,0.45138082
14::joint::text::30::bottom,Positive,0.0240395,0.033532213,0.9424283,0.5531701
14::joint::text::30::random,Neutral,0.064719446,0.51216894,0.4231116,0.10384035
14::joint::audio::10::top,Positive,0.016945483,0.017231062,0.96582353,0.81359696
14::joint::audio::10::bottom,Positive,0.018236708,0.016503353,0.96526,0.8294053
14::joint::audio::10::random,Positive,0.017840803,0.016977135,0.96518207,0.82037795
14::joint::audio::20::top,Positive,0.01721819,0.01686988,0.9659119,0.82082975
14::joint::audio::20::bottom,Positive,0.018670553,0.016689882,0.9646395,0.82444227
14::joint::audio::20::random,Positive,0.018599428,0.017552683,0.96384776,0.80952406
14::joint::audio::30::top,Positive,0.017065221,0.017209848,0.96572495,0.80952406
14::joint::audio::30::bottom,Positive,0.019923136,0.017240757,0.9628361,0.81450164
14::joint::audio::30::random,Positive,0.019208223,0.017979171,0.9628126,0.8040885
14::joint::vision::10::top,Positive,0.017706472,0.016001958,0.9662916,0.8384162
14::joint::vision::10::bottom,Positive,0.016464338,0.014796891,0.96873873,0.86221594
14::joint::vision::10::random,Positive,0.016349507,0.014593459,0.9690571,0.86490285
14::joint::vision::20::top,Positive,0.017859276,0.0154808,0.9666599,0.84426475
14::joint::vision::20::bottom,Positive,0.0157065,0.013685828,0.9706077,0.88545215
14::joint::vision::20::random,Positive,0.015610532,0.013458248,0.9709312,0.8894622
14::joint::vision::30::top,Positive,0.0167661,0.014217128,0.9690168,0.8760822
14::joint::vision::30::bottom,Positive,0.014996669,0.012527144,0.9724761,0.9107896
14::joint::vision::30::random,Positive,0.015016931,0.012396445,0.9725866,0.9169911
15::joint::text::10::top,Negative,0.98826116,0.006753102,0.004985699,-2.1504142
15::joint::text::10::bottom,Negative,0.98541284,0.008172706,0.006414393,-2.2748806
15::joint::text::10::random,Negative,0.9840674,0.00893537,0.0069972477,-2.277367
15::joint::text::20::top,Negative,0.9882315,0.006721827,0.005046716,-2.1244507
15::joint::text::20::bottom,Negative,0.98621714,0.0076371124,0.0061457306,-2.2461815
15::joint::text::20::random,Negative,0.9847634,0.00826184,0.0069747437,-2.2606509
15::joint::text::30::top,Negative,0.988254,0.006612246,0.0051337006,-2.1087565
15::joint::text::30::bottom,Negative,0.98621714,0.0076371124,0.0061457306,-2.2461815
15::joint::text::30::random,Negative,0.98404974,0.008890836,0.0070594214,-2.2555714
15::joint::audio::10::top,Negative,0.98733497,0.007425081,0.0052399957,-2.2690501
15::joint::audio::10::bottom,Negative,0.9846666,0.008792953,0.0065405206,-2.280671
15::joint::audio::10::random,Negative,0.9835351,0.0095160045,0.006948895,-2.271554
15::joint::audio::20::top,Negative,0.987835,0.0071868384,0.0049782116,-2.266539
15::joint::audio::20::bottom,Negative,0.9844731,0.0089107435,0.0066161705,-2.2798462
15::joint::audio::20::random,Negative,0.98683554,0.0077099274,0.005454541,-2.267377
15::joint::audio::30::top,Negative,0.9885541,0.006789297,0.0046566557,-2.2640204
15::joint::audio::30::bottom,Negative,0.98451775,0.0086917505,0.0067904736,-2.2856023
15::joint::audio::30::random,Negative,0.9879583,0.0071482547,0.004893424,-2.2648606
15::joint::vision::10::top,Negative,0.9863122,0.0076489043,0.006038755,-2.2682137
15::joint::vision::10::bottom,Negative,0.98311913,0.0096537415,0.0072271153,-2.271554
15::joint::vision::10::random,Negative,0.9840106,0.009080676,0.0069087073,-2.2698853
15::joint::vision::20::top,Negative,0.98628706,0.0076354006,0.006077532,-2.266539
15::joint::vision::20::bottom,Negative,0.9830346,0.00968111,0.0072842427,-2.2740502
15::joint::vision::20::random,Negative,0.984239,0.008933334,0.006827648,-2.2682137
15::joint::vision::30::top,Negative,0.9860382,0.007736197,0.006225622,-2.267377
15::joint::vision::30::bottom,Negative,0.98284346,0.009770427,0.007386117,-2.2765393
15::joint::vision::30::random,Negative,0.9837325,0.0091584455,0.0071089203,-2.271554
16::joint::text::10::top,Positive,0.018562946,0.08596653,0.8954705,0.3855514
16::joint::text::10::bottom,Positive,0.012863932,0.015098821,0.97203726,0.9032476
16::joint::text::10::random,Positive,0.014362378,0.017229766,0.9684078,0.79864717
16::joint::text::20::top,Positive,0.025149757,0.42285997,0.5519903,0.18409458
16::joint::text::20::bottom,Positive,0.013446943,0.015660048,0.97089297,0.87831485
16::joint::text::20::random,Positive,0.014898591,0.018382836,0.96671855,0.7448449
16::joint::text::30::top,Positive,0.02539441,0.4301625,0.54444313,0.18494585
16::joint::text::30::bottom,Positive,0.012250609,0.016207056,0.97154224,0.9085727
16::joint::text::30::random,Positive,0.020015486,0.032509066,0.94747543,0.52907807
16::joint::audio::10::top,Positive,0.012760377,0.012870689,0.9743688,1.0106852
16::joint::audio::10::bottom,Positive,0.012886024,0.012408904,0.97470504,1.0124162
16::joint::audio::10::random,Positive,0.012521472,0.012213868,0.97526467,1.015876
16::joint::audio::20::top,Positive,0.013819306,0.013720793,0.9724599,1.0028859
16::joint::audio::20::bottom,Positive,0.013065876,0.012038762,0.97489536,1.0132815
16::joint::audio::20::random,Positive,0.013008552,0.012494528,0.97449684,1.0141466
16::joint::audio::30::top,Positive,0.01319853,0.0136559475,0.9731455,1.0072207
16::joint::audio::30::bottom,Positive,0.013766568,0.012396306,0.9738371,1.0089533
16::joint::audio::30::random,Positive,0.012997732,0.012798987,0.9742033,1.0141466
16::joint::vision::10::top,Positive,0.018572647,0.01423462,0.96719265,0.95665014
16::joint::vision::10::bottom,Positive,0.012199728,0.011533431,0.9762668,1.0219235
16::joint::vision::10::random,Positive,0.011375216,0.010924543,0.9777002,1.0477343
16::joint::vision::20::top,Positive,0.015483679,0.011273337,0.973243,1.0219235
16::joint::vision::20::bottom,Positive,0.01213227,0.011352531,0.9765151,1.0201967
16::joint::vision::20::random,Positive,0.0105321035,0.009775484,0.97969246,1.0784751
16::joint::vision::30::top,Positive,0.014045392,0.010029925,0.9759246,1.0580095
16::joint::vision::30::bottom,Positive,0.012200751,0.011171293,0.976628,1.0201967
16::joint::vision::30::random,Positive,0.010449867,0.009373367,0.9801768,1.0844228
17::joint::text::10::top,Neutral,0.007996753,0.9825976,0.009405652,0.027846493
17::joint::text::10::bottom,Neutral,0.14879058,0.8390913,0.012118106,-0.10505956
17::joint::text::10::random,Negative,0.6768494,0.31372386,0.0094266115,-0.35959104
17::joint::text::20::top,Neutral,0.00975237,0.9664046,0.023842925,0.048945855
17::joint::text::20::bottom,Neutral,0.06056474,0.93106043,0.008374832,-0.05428485
17::joint::text::20::random,Negative,0.78444964,0.20804077,0.007509545,-0.4718797
17::joint::text::30::top,Neutral,0.012257194,0.95755446,0.030188281,0.060111582
17::joint::text::30::bottom,Neutral,0.20175202,0.7910464,0.007201531,-0.18883695
17::joint::text::30::random,Neutral,0.131369,0.86204076,0.0065902337,-0.1731472
17::joint::audio::10::top,Neutral,0.13048917,0.8516698,0.017841082,-0.057610106
17::joint::audio::10::bottom,Neutral,0.1062673,0.88062483,0.013107875,-0.05974552
17::joint::audio::10::random,Neutral,0.105025336,0.87865245,0.016322235,-0.043179393
17::joint::audio::20::top,Neutral,0.13414145,0.84440756,0.021450957,-0.04702374
17::joint::audio::20::bottom,Neutral,0.11373779,0.87364024,0.012621963,-0.06706646
17::joint::audio::20::random,Neutral,0.10095687,0.8847783,0.014264746,-0.05016622
17::joint::audio::30::top,Neutral,0.14689471,0.8278908,0.025214467,-0.04311837
17::joint::audio::30::bottom,Neutral,0.1309791,0.8562176,0.012803247,-0.078473315
17::joint::audio::30::random,Neutral,0.10550542,0.88180053,0.01269405,-0.061362293
17::joint::vision::10::top,Neutral,0.10621822,0.88043785,0.013343867,-0.05642035
17::joint::vision::10::bottom,Neutral,0.10708828,0.8790015,0.013910174,-0.055810213
17::joint::vision::10::random,Neutral,0.10625175,0.8798574,0.013890886,-0.054528907
17::joint::vision::20::top,Neutral,0.101909295,0.88426733,0.013823318,-0.048579738
17::joint::vision::20::bottom,Neutral,0.10703534,0.8784882,0.014476484,-0.052027255
17::joint::vision::20::random,Neutral,0.10172009,0.8837014,0.014578558,-0.045071073
17::joint::vision::30::top,Neutral,0.09986354,0.8852395,0.014896934,-0.038205944
17::joint::vision::30::bottom,Neutral,0.1067643,0.8779315,0.015304219,-0.04711527
17::joint::vision::30::random,Neutral,0.1036108,0.8809723,0.015416874,-0.04168433
18::joint::text::10::top,Negative,0.7668533,0.2159741,0.017172579,-0.46711645
18::joint::text::10::bottom,Positive,0.01758975,0.02158207,0.96082824,0.9584043
18::joint::text::10::random,Positive,0.012932206,0.018352056,0.9687157,0.9610342
18::joint::text::20::top,Negative,0.93211055,0.058060296,0.009829087,-0.6464447
18::joint::text::20::bottom,Positive,0.014103631,0.018343372,0.96755296,1.0801754
18::joint::text::20::random,Neutral,0.081892885,0.66044277,0.25766426,0.09646332
18::joint::text::30::top,Negative,0.9706368,0.023661625,0.005701569,-0.9447907
18::joint::text::30::bottom,Positive,0.011674069,0.018859442,0.96946645,1.0296849
18::joint::text::30::random,Negative,0.80991554,0.15868336,0.031401142,-0.47830617
18::joint::audio::10::top,Positive,0.018900301,0.022208735,0.958891,0.95313966
18::joint::audio::10::bottom,Positive,0.018215153,0.021557678,0.96022725,0.95796585
18::joint::audio::10::random,Positive,0.017980564,0.02132235,0.960697,0.9614724
18::joint::audio::20::top,Positive,0.01813573,0.022363674,0.9595006,0.9575274
18::joint::audio::20::bottom,Positive,0.018857619,0.021867499,0.9592748,0.95621157
18::joint::audio::20::random,Positive,0.01843183,0.02210811,0.95946,0.9509442
18::joint::audio::30::top,Positive,0.017748924,0.022665218,0.9595858,0.9548954
18::joint::audio::30::bottom,Positive,0.01886622,0.021931732,0.95920205,0.9535787
18::joint::audio::30::random,Positive,0.019027978,0.022204366,0.9587677,0.9505049
18::joint::vision::10::top,Positive,0.017680693,0.020096699,0.9622226,0.9802693
18::joint::vision::10::bottom,Positive,0.018722229,0.022372767,0.95890504,0.92671895
18::joint::vision::10::random,Positive,0.017525103,0.020938642,0.96153617,0.9540176
18::joint::vision::20::top,Positive,0.016890839,0.019428965,0.96368015,0.98898304
18::joint::vision::20::bottom,Positive,0.018796012,0.02223696,0.958967,0.9249519
18::joint::vision::20::random,Positive,0.017613921,0.020395959,0.96199,0.9597194
18::joint::vision::30::top,Positive,0.016180353,0.018741589,0.96507806,0.99680936
18::joint::vision::30::bottom,Positive,0.01887702,0.021886187,0.9592368,0.9218577
18::joint::vision::30::random,Positive,0.017194118,0.020026248,0.96277964,0.9654137
19::joint::text::10::top,Positive,0.013223758,0.43161023,0.55516595,0.37690428
19::joint::text::10::bottom,Positive,0.008965597,0.040099863,0.9509345,0.75720227
19::joint::text::10::random,Positive,0.008907737,0.03175214,0.9593401,0.7836546
19::joint::text::20::top,Neutral,0.011007117,0.68549865,0.3034942,0.29445907
19::joint::text::20::bottom,Positive,0.008959176,0.038245328,0.9527954,0.75308615
19::joint::text::20::random,Positive,0.0126492875,0.19176768,0.795583,0.45877504
19::joint::text::30::top,Neutral,0.010246715,0.7865223,0.20323092,0.23414198
19::joint::text::30::bottom,Positive,0.008415337,0.021963337,0.96962124,0.85907936
19::joint::text::30::random,Positive,0.0113862725,0.1254876,0.86312616,0.49589622
19::joint::audio::10::top,Positive,0.008556344,0.02829051,0.9631532,0.8212815
19::joint::audio::10::bottom,Positive,0.008798215,0.034601152,0.95660055,0.7950165
19::joint::audio::10::random,Positive,0.008893376,0.032964014,0.95814264,0.79047465
19::joint::audio::20::top,Positive,0.008432427,0.024281986,0.9672855,0.8496571
19::joint::audio::20::bottom,Positive,0.0088132145,0.03548935,0.95569736,0.7913834
19::joint::audio::20::random,Positive,0.008910216,0.032146126,0.95894367,0.7891114
19::joint::audio::30::top,Positive,0.008429896,0.021350054,0.97021997,0.8801002
19::joint::audio::30::bottom,Positive,0.008877268,0.03634235,0.95478046,0.7900202
19::joint::audio::30::random,Positive,0.009006541,0.031908832,0.95908463,0.7872931
19::joint::vision::10::top,Positive,0.008802813,0.033656016,0.9575412,0.7950165
19::joint::vision::10::bottom,Positive,0.008942367,0.03289996,0.95815766,0.7913834
19::joint::vision::10::random,Positive,0.008736415,0.032977,0.9582865,0.80227536
19::joint::vision::20::top,Positive,0.0085612275,0.032111205,0.95932746,0.81947434
19::joint::vision::20::bottom,Positive,0.009141241,0.032836493,0.95802224,0.78046894
19::joint::vision::20::random,Positive,0.008717412,0.032640718,0.9586419,0.8068069
19::joint::vision::30::top,Positive,0.00839867,0.031000972,0.9606004,0.8379662
19::joint::vision::30::bottom,Positive,0.008677138,0.030513085,0.9608097,0.81269205
19::joint::vision::30::random,Positive,0.008836688,0.03238316,0.95878017,0.79819345
