sample_id,predicted_class,p_negative,p_neutral,p_positive,predicted_intensity,neutral_authenticity,neutral_rejected,text_confidence_delta,text_intensity_delta,audio_confidence_delta,audio_intensity_delta,vision_confidence_delta,vision_intensity_delta,text_importance,audio_importance,vision_importance,dominant_modality,video_found,source_video,video_duration_sec
01,Positive,0.02317425479998728,0.3350489839214929,0.6417767612785199,0.37158859414713724,1.0,0,0.45617411168173666,0.37965997508061783,0.009100534863075271,0.024252819163458672,-0.0031242547545435873,-0.05198650274957928,0.9393294646209581,0.02770110930762453,0.032969426071417306,text,True,E:\2026\code\code\san2\data\附件4\对齐版本\videos\01.mp4,
02,Positive,0.0419799462946134,0.08711700159876606,0.8709030521066206,0.5751221414123263,1.0,0,0.8058793732225185,0.7498676808817046,-0.030444350039507517,-0.12930628018719803,-0.021421071228368782,-0.0892062804528645,0.8943677209249056,0.06229907928115124,0.04333319979394322,text,True,E:\2026\code\code\san2\data\附件4\对齐版本\videos\02.mp4,
03,Negative,0.8048209407294609,0.15464072063186035,0.04053833863867889,-0.5365382842719555,1.0,0,0.31841234259240386,-0.551918987184763,0.002720695499920378,-0.02068136206695015,-0.08081647103474343,0.036187009619815025,0.8305556097395879,0.015894895932138612,0.15354949432827347,text,True,E:\2026\code\code\san2\data\附件4\对齐版本\videos\03.mp4,
04,Positive,0.4269204625941801,0.05058904271416089,0.5224904946916591,-0.06814902595111302,1.0,0,-0.1652406673394633,-0.7488752284220287,0.06302526120489571,0.18982303994042535,0.2626993755557324,0.4034660343479898,0.44212099755588347,0.1345970581853681,0.42328194425874843,text,True,E:\2026\code\code\san2\data\附件4\对齐版本\videos\04.mp4,
05,Positive,0.008352592863410946,0.16505948668105877,0.8265879204555303,0.8584253873143878,1.0,0,0.29071238836433655,0.4752099961042405,-0.0037445701576209744,-0.05109693322862896,0.053915486157427805,0.34143011910574783,0.7043647302899755,0.03258514828545697,0.26305012142456746,text,True,E:\2026\code\code\san2\data\附件4\对齐版本\videos\05.mp4,
06,Positive,0.012656055299918945,0.18230711827776855,0.8050368264223126,0.7609294865812574,1.0,0,0.6712726984004305,0.8158974128642252,-0.12047494254386149,-0.08402275613376076,-0.13787145316957128,-0.11486171398844047,0.7439495138917808,0.11711089417361464,0.13893959193460453,text,True,E:\2026\code\code\san2\data\附件4\对齐版本\videos\06.mp4,
07,Positive,0.007749497949220772,0.03905786943030292,0.9531926326204763,0.9242615699768066,1.0,0,0.6073960005647396,0.8876610845327377,-0.0018003182961043862,-0.054578414985111734,-0.00021665327921160937,-0.06535602467400692,0.955573797757433,0.021150518878838457,0.02327568336372856,text,True,E:\2026\code\code\san2\data\附件4\对齐版本\videos\07.mp4,
08,Neutral,0.014027450554182166,0.6763438768157689,0.309628672630049,0.2657449410430023,0.504115502623636,0,0.1297753486742329,0.39901794280324665,0.30982241145003475,-0.11955464897411211,0.6763438768157689,-0.09284560861332075,0.19911482237443592,0.26495515780626355,0.5359300198193007,vision,True,E:\2026\code\code\san2\data\附件4\对齐版本\videos\08.mp4,
09,Negative,0.9862841324890915,0.009493536456377185,0.004222331054531327,-1.9893195543970381,1.0,0,0.6183819754045361,-1.9172056019306183,-0.0002073413286577397,-0.017479760306222225,3.947157934347523e-05,-0.015088660376412655,0.9912475481218452,0.00475654221575059,0.003995909662404112,text,True,E:\2026\code\code\san2\data\附件4\对齐版本\videos\09.mp4,
10,Negative,0.9672591814187081,0.016301622637426866,0.016439195943865,-1.5472996830940247,1.0,0,0.7775027695248447,-1.660558472786631,0.004325294208226027,-0.09145653247833252,-0.0007012224754320284,-0.022788728986467666,0.9686286931743133,0.025332968193380486,0.006038338632306356,text,True,E:\2026\code\code\san2\data\附件4\对齐版本\videos\10.mp4,
11,Negative,0.9793749771811833,0.014476011739523842,0.006149011079292903,-1.6974666799817766,1.0,0,0.5866693302918724,-1.4319968252841915,0.0009527460368806695,-0.03575233050755089,0.0003104124191761759,-0.05016059534890305,0.9726659341365258,0.011765391017717317,0.015568674845756802,text,True,E:\2026\code\code\san2\data\附件4\对齐版本\videos\11.mp4,
12,Negative,0.9657315067829998,0.02557712710673703,0.008691366110263169,-1.0253192782402039,1.0,0,0.710959562234079,-0.9491910094927464,-0.002296875476382021,0.02693431718008865,-0.0012174518320657857,-0.03536079611097065,0.9769127657503367,0.010721373125806228,0.012365861123857125,text,True,E:\2026\code\code\san2\data\附件4\对齐版本\videos\12.mp4,
13,Neutral,0.01921559422876934,0.6861320664228262,0.2946523393484045,0.2051784166001848,0.5872278812672437,0,0.0650595498141705,0.21091251753802812,0.09590622168578722,-0.057035544754138995,0.08630914176449989,-0.02124854177236557,0.3938727063214967,0.3343812539529874,0.271746039725516,text,True,E:\2026\code\code\san2\data\附件4\对齐版本\videos\13.mp4,
14,Positive,0.01572187762307627,0.4696912484392739,0.5145868739376499,0.4392046630382538,1.0,0,-0.3636462013363695,0.09787125459739138,-0.11649024636958849,-0.0565164919410433,0.3726752940213038,0.22493323790175573,0.4046659333789557,0.13819636555275985,0.45713770106828444,vision,True,E:\2026\code\code\san2\data\附件4\对齐版本\videos\14.mp4,
15,Positive,0.011856384733652185,0.03339964464498342,0.9547439706213644,1.0121711662837438,1.0,0,0.46971365350477096,0.8327176528317588,0.005775038192384563,0.06807193585804538,-0.0014506860510760111,-0.05001175403594971,0.9413168795290322,0.03585671485173003,0.02282640561923768,text,True,E:\2026\code\code\san2\data\附件4\对齐版本\videos\15.mp4,
16,Negative,0.9856631295793421,0.010037262054579988,0.004299608366077912,-1.9729158537728446,1.0,0,0.8465986557629723,-2.02740694422807,-0.0004919540350798446,-0.0173105171748571,-0.00021839770015141813,0.006422281265258789,0.994368935839997,0.004090160287367556,0.0015409038726355614,text,True,E:\2026\code\code\san2\data\附件4\对齐版本\videos\16.mp4,
17,Positive,0.006348243358912267,0.017886044911533103,0.9757657117295546,1.2865332194737025,1.0,0,0.19014270266137867,1.1507233753800392,0.0005134590828380636,-0.024556108883449168,0.002493443615469104,0.00257222993033257,0.9794292175493228,0.014850326214782978,0.005720456235894319,text,True,E:\2026\code\code\san2\data\附件4\对齐版本\videos\17.mp4,
18,Neutral,0.31981915198167254,0.648285005074228,0.03189584294409937,-0.28165884289358345,0.6278168378580622,0,0.06415505367835828,-0.09132433336760318,0.029589398490464158,-0.042818265069010014,0.04508812479231872,-0.10922978099967753,0.4300687210475088,0.1994126699823507,0.37051860897014055,text,True,E:\2026\code\code\san2\data\附件4\对齐版本\videos\18.mp4,
19,Positive,0.11169658706865765,0.0626328212356229,0.8256705916957194,0.6138137722654002,1.0,0,0.5573871066403475,0.5321347388838019,-0.032450559295591486,-0.05151865152376034,0.05551941828256213,-0.04233818660889355,0.8603598761420997,0.0581056513081671,0.08153447254973312,text,True,E:\2026\code\code\san2\data\附件4\对齐版本\videos\19.mp4,
20,Positive,0.007660547072546305,0.05440357721153063,0.9379358757159231,0.9421907407896859,1.0,0,0.17957699027644458,0.7855138036289385,-0.0009068889664802793,0.02997754301343647,0.015789559189108626,0.15777331590652466,0.847741827903086,0.02093241429028186,0.13132575780663197,text,True,E:\2026\code\code\san2\data\附件4\对齐版本\videos\20.mp4,
