id,predicted_label,negative_probability,neutral_probability,positive_probability,predicted_intensity,neutral_authenticity,neutral_rejected
01,Positive,0.028888980709607593,0.3384347928749478,0.6326762264154446,0.34733577498367857,1.0,0
02,Positive,0.03697016623346745,0.06168243162040456,0.9013474021461281,0.7044284215995243,1.0,0
03,Negative,0.8021002452295405,0.15552528770675042,0.04237446706370905,-0.5158569222050053,1.0,0
04,Negative,0.4774552546060246,0.06307951190721206,0.4594652334867634,-0.25797206589153837,1.0,0
05,Positive,0.009104478047179706,0.1605630313396691,0.8303324906131513,0.9095223205430167,1.0,0
06,Positive,0.021635368601815145,0.05285286243201086,0.925511768966174,0.8449522427150181,1.0,0
07,Positive,0.008510619771630088,0.03649642931178915,0.9549929509165807,0.9788399849619184,1.0,0
08,Positive,0.017576055755331114,0.36652146536573416,0.6159024788789348,0.3852995900171144,1.0,0
09,Negative,0.9864914738177493,0.009483654066354194,0.0040248721158966045,-1.971839794090816,1.0,0
10,Negative,0.9629338872104821,0.017053596950468455,0.020012515839049415,-1.4558431506156921,1.0,0
11,Negative,0.9784222311443026,0.014397089583460233,0.007180679272237242,-1.6617143494742257,1.0,0
12,Negative,0.9680283822593818,0.022290623965504814,0.009680993775113311,-1.0522535954202925,1.0,0
13,Neutral,0.019024050960821142,0.590225844737039,0.39075010430213997,0.2622139613543238,0.4580880631506967,0
14,Positive,0.018313759910597364,0.3506091197821643,0.6310771203072384,0.4957211549792971,1.0,0
15,Positive,0.01278197768751526,0.03824908988350494,0.9489689324289798,0.9440992304256984,1.0,0
16,Negative,0.986155083614422,0.009464025265134252,0.004380891120443821,-1.9556053365979875,1.0,0
17,Positive,0.007727151261915903,0.017020596091367596,0.9752522526467166,1.3110893283571516,1.0,0
18,Neutral,0.3277167840843404,0.6186956065837639,0.05358760933189566,-0.23884057782457344,0.5777476396456704,0
19,Positive,0.08863937861842719,0.05323947039026193,0.8581211509913109,0.6653324237891606,1.0,0
20,Positive,0.008306060904313845,0.052851174413282805,0.9388427646824034,0.9122131977762494,1.0,0
