model,evaluation_split,accuracy,macro_f1,weighted_f1,balanced_accuracy,mae,rmse,regression_bias,pearson,source,note
Single C3-HAFusion,test,0.6657496561210454,0.6092821241125593,0.6598229044894156,0.6091598581435207,0.6175234646157219,0.8356393538265924,0.057027268522589415,0.6987854722154401,runs\c3_hafusion_single\seed_20260924\final_metrics.json,Historical frozen run
Dynamic-router trimodal,test,0.7180192572214581,0.6869526209939295,0.7173687606883299,0.689731408083558,0.5607788252113887,0.7670054818113274,0.02774090258829921,0.7572687672023486,runs\final_test_sources\exp183\01_exp027\final_metrics.json,Historical frozen run
Dynamic-router macro checkpoint,test,0.6987620357634112,0.6639839700980675,0.6984937159654048,0.6705862903377474,0.5688073790021768,0.7801122860024892,-0.018314590425572604,0.7550966890641568,runs\final_test_sources\exp183\02_exp029_macro\final_metrics.json,Historical frozen run
Trimodal prototype fusion,test,0.7125171939477304,0.650944143025033,0.6968605719061126,0.6506906387043946,0.5966679769782081,0.7974062407421967,0.08878519204912766,0.7565185826793955,runs\final_test_sources\exp183\03_exp020\final_metrics.json,Historical frozen run
Context trimodal prototype,test,0.6795048143053645,0.6526194460312725,0.6880405794585599,0.6549143837294119,0.5537550022991815,0.7541893864285031,-0.03901083225162093,0.7604783114943379,runs\final_test_sources\exp183\04_exp019\final_metrics.json,Historical frozen run
Twitter-RoBERTa multiview,test,0.7083906464924347,0.6429453570890156,0.6913578571269606,0.6453603221467804,0.5840058162160848,0.7982728631984044,-0.0857388330152722,0.7395662894248531,runs\final_test_sources\exp183\05_exp022\final_metrics.json,Historical frozen run
Text-vision C3-HAFusion,test,0.6795048143053645,0.6358480153169873,0.6793059525437826,0.6350124818701217,0.6141062381291734,0.8377004537232134,0.09589061540188946,0.7046153121465543,runs\experiments\exp001_text_vision_seed_20260924\final_metrics.json,Historical frozen run
NLI semantic expert,test,0.7001375515818432,0.676642497432856,0.7076719273578458,0.681375869555645,0.6582273640560993,0.8577856688306867,-0.01792657408002441,0.6987402452182306,runs\final_test_sources\exp183\07_exp063\final_metrics.json,Historical frozen run
EXP009 probability average,test,0.6753782668500687,0.6374567565385356,0.678329358137299,0.6381945225722686,0.6150065403048327,0.832966016950312,0.09063407897470885,0.7053244206595978,runs\ensembles\exp009_ensemble_001_005_007\final_metrics.json,Historical frozen run
EXP183 heterogeneous consensus + arbitrator,test,0.7331499312242091,0.6903469465620291,0.7272524945278468,0.6889701756110779,0.5308763823636864,0.7197617955809201,0.007346553647160557,0.7831292793539659,EXP183 frozen test,Formal final system
