source_row,video_id,clip_id,sample_key,text,intensity,polarity,video_path,video_exists,video_size_bytes
2,-3g5yACwYnA,13,-3g5yACwYnA__13,They've been able to find solutions or at least bring some answers to the table.,0.6666666865348816,Positive,/root/HuaWeiCup/dataset/-3g5yACwYnA/13.mp4,True,1052449
3,-3g5yACwYnA,3,-3g5yACwYnA__3,"We're a huge user of adhesives for our operation, called flocking, and we don't have the technical inside compounding or the technical expertise to do these types of things.",0.0,Neutral,/root/HuaWeiCup/dataset/-3g5yACwYnA/3.mp4,True,2322206
4,-3g5yACwYnA,2,-3g5yACwYnA__2,Key Polymer brings a technical aspect to our operation that we don't have internally.,0.0,Neutral,/root/HuaWeiCup/dataset/-3g5yACwYnA/2.mp4,True,1752558
5,-3g5yACwYnA,9,-3g5yACwYnA__9,"We have many new opportunities through the way things have changed through the years, looking for new niche high-end, value-added products.",0.6666666865348816,Positive,/root/HuaWeiCup/dataset/-3g5yACwYnA/9.mp4,True,1938491
6,-3nNcZdcdvU,5,-3nNcZdcdvU__5,Noncompliance can result in legal liability to you and to the school district in which you are employed.,0.0,Neutral,/root/HuaWeiCup/dataset/-3nNcZdcdvU/5.mp4,True,336985
7,-HwX2H8Z4hY,2,-HwX2H8Z4hY__2,"” [President Ronald Reagan:] ""Look at the record",0.0,Neutral,/root/HuaWeiCup/dataset/-HwX2H8Z4hY/2.mp4,True,958873
8,-HwX2H8Z4hY,5,-HwX2H8Z4hY__5,""" President Ronald Reagan blamed the professional bureaucracy of education",-1.0,Negative,/root/HuaWeiCup/dataset/-HwX2H8Z4hY/5.mp4,True,1617346
9,-HwX2H8Z4hY,6,-HwX2H8Z4hY__6,"And in part, Al Shanker did too",0.0,Neutral,/root/HuaWeiCup/dataset/-HwX2H8Z4hY/6.mp4,True,978678
10,-HwX2H8Z4hY,9,-HwX2H8Z4hY__9,It is a word which the administrator uses when he turns around anything which he doesn't like that the teacher is doing,-0.3333333432674408,Negative,/root/HuaWeiCup/dataset/-HwX2H8Z4hY/9.mp4,True,981914
11,-NFrJFQijFE,1,-NFrJFQijFE__1,Structural mounts inside have to be properly stress analyzed so we make sure all that happens,0.3333333432674408,Positive,/root/HuaWeiCup/dataset/-NFrJFQijFE/1.mp4,True,1024510
12,-NFrJFQijFE,2,-NFrJFQijFE__2,So we coordinate with all the proper technical fields to get ready for the instrument to arrive here,0.0,Neutral,/root/HuaWeiCup/dataset/-NFrJFQijFE/2.mp4,True,1452918
13,-THoVjtIkeU,12,-THoVjtIkeU__12,"What ever we turn our attention to is what grows and so if we believe that anything is possible, if we believe that social justice can be achieved and if we believe in youth, they will believe in themselves.",2.0,Positive,/root/HuaWeiCup/dataset/-THoVjtIkeU/12.mp4,True,1262553
14,-THoVjtIkeU,2,-THoVjtIkeU__2,I think social justice is extremely important for young people.,1.3333333730697632,Positive,/root/HuaWeiCup/dataset/-THoVjtIkeU/2.mp4,True,347917
15,-THoVjtIkeU,6,-THoVjtIkeU__6,"You know that I think listening to young people, taking in what they have to say because what we have seen all around the world is the power of youth.",2.6666667461395264,Positive,/root/HuaWeiCup/dataset/-THoVjtIkeU/6.mp4,True,801802
16,-UuX1xuaiiE,1,-UuX1xuaiiE__1,^And all of them are really being able to explore ^these different areas in depth ^in a way that really wasn't available ^before the center was here,1.6666666269302368,Positive,/root/HuaWeiCup/dataset/-UuX1xuaiiE/1.mp4,True,2032933
17,-UuX1xuaiiE,0,-UuX1xuaiiE__0,^it's amazing to see their enthusiasm and their passion,2.6666667461395264,Positive,/root/HuaWeiCup/dataset/-UuX1xuaiiE/0.mp4,True,654518
18,-UuX1xuaiiE,3,-UuX1xuaiiE__3,My goal is to become a human rights lawyer,0.3333333432674408,Positive,/root/HuaWeiCup/dataset/-UuX1xuaiiE/3.mp4,True,1424269
19,-UuX1xuaiiE,6,-UuX1xuaiiE__6,"I ended up going to work for the US government as an intelligence analyst, specializing in war crimes and human rights issues",-0.3333333432674408,Negative,/root/HuaWeiCup/dataset/-UuX1xuaiiE/6.mp4,True,1662602
20,-a55Q6RWvTA,3,-a55Q6RWvTA__3,"And if you clip coupons, if you don't go out for dinner and movies and things of that nature and try to take up things in life that, well, they always say, ""the best things in life are free"". Reading a book, going for a nice walk, and, of course, combining exercise and various things of that nature where you're not spending money per se.",0.6666666865348816,Positive,/root/HuaWeiCup/dataset/-a55Q6RWvTA/3.mp4,True,749365
21,-aNfi7CP8vM,7,-aNfi7CP8vM__7,"Maybe they have no political party affiliation, they're not interested in politics, they could care less about politics.",0.0,Neutral,/root/HuaWeiCup/dataset/-aNfi7CP8vM/7.mp4,True,430559
22,-aqamKhZ1Ec,0,-aqamKhZ1Ec__0,"In 2008, there were very serious tribal warfare in Kenya following a disputed election.",-2.0,Negative,/root/HuaWeiCup/dataset/-aqamKhZ1Ec/0.mp4,True,2882018
23,-dxfTGcXJoc,1,-dxfTGcXJoc__1,"For the 10th straight year, some of Kentucky’s best and most innovative biotech companies and technologies were on display at the annual BIO International Convention, which I and other state officials attended this week in Chicago.",1.6666666269302368,Positive,/root/HuaWeiCup/dataset/-dxfTGcXJoc/1.mp4,True,658423
24,-dxfTGcXJoc,0,-dxfTGcXJoc__0,"This is Governor Steve Beshear ... About Kentucky Our state is home to more than 1,500 bioscience and lifescience companies and more than 100,000 people who work for these firms, in areas from nutrigenomics and pharmaceuticals to nanotechnology and medical devices.",1.0,Positive,/root/HuaWeiCup/dataset/-dxfTGcXJoc/0.mp4,True,771408
25,-dxfTGcXJoc,2,-dxfTGcXJoc__2,"An estimated 20,000 biotech scientists, executives and industry experts from more than 50 nations were at the BIO conference to learn about the latest scientific advances, and to exchange ideas and establish business relationships.",0.6666666865348816,Positive,/root/HuaWeiCup/dataset/-dxfTGcXJoc/2.mp4,True,675725
26,-dxfTGcXJoc,6,-dxfTGcXJoc__6,Kentucky’s participation at the annual BIO International Convention is the primary means by which our high-tech companies and institutions can reach out to the global scientific community.,0.6666666865348816,Positive,/root/HuaWeiCup/dataset/-dxfTGcXJoc/6.mp4,True,428971
27,-egA8-b7-3M,26,-egA8-b7-3M__26,We're updating it all the time and looking forward to your comments on our videos.,1.6666666269302368,Positive,/root/HuaWeiCup/dataset/-egA8-b7-3M/26.mp4,True,688886
28,-egA8-b7-3M,17,-egA8-b7-3M__17,"As you have more experience, you have more times exhibiting, you get to know more people.",0.3333333432674408,Positive,/root/HuaWeiCup/dataset/-egA8-b7-3M/17.mp4,True,774900
29,-egA8-b7-3M,18,-egA8-b7-3M__18,It becomes easier at each one of these conferences to connect with people that you've met or that you're doing business with.,1.0,Positive,/root/HuaWeiCup/dataset/-egA8-b7-3M/18.mp4,True,737865
30,-egA8-b7-3M,16,-egA8-b7-3M__16,"Third, another big benefit of exhibiting is connecting with existing clients.",0.6666666865348816,Positive,/root/HuaWeiCup/dataset/-egA8-b7-3M/16.mp4,True,391465
31,-egA8-b7-3M,13,-egA8-b7-3M__13,"What are you doing that's different?"" They always want an answer.",0.3333333432674408,Positive,/root/HuaWeiCup/dataset/-egA8-b7-3M/13.mp4,True,394399
32,-egA8-b7-3M,1,-egA8-b7-3M__1,I started a successful Legal Nurse Consulting Business in 1989. I mentor nurses who want to become Legal Nurse Consultants.,0.6666666865348816,Positive,/root/HuaWeiCup/dataset/-egA8-b7-3M/1.mp4,True,658247
33,-egA8-b7-3M,6,-egA8-b7-3M__6,First exhibiting is a wonderful opportunity to network with other legal vendors.,0.6666666865348816,Positive,/root/HuaWeiCup/dataset/-egA8-b7-3M/6.mp4,True,446118
34,-egA8-b7-3M,9,-egA8-b7-3M__9,"Secondly, another goal of exhibiting  is building your company image.",0.3333333432674408,Positive,/root/HuaWeiCup/dataset/-egA8-b7-3M/9.mp4,True,581652
35,-egA8-b7-3M,20,-egA8-b7-3M__20,"Now you've got a face that you can connect with a voice, and that makes you closer to that client.",0.3333333432674408,Positive,/root/HuaWeiCup/dataset/-egA8-b7-3M/20.mp4,True,823539
36,-iRBcNs9oI8,3,-iRBcNs9oI8__3,"Well, it is the secret of power pose",0.6666666865348816,Positive,/root/HuaWeiCup/dataset/-iRBcNs9oI8/3.mp4,True,988521
37,-iRBcNs9oI8,7,-iRBcNs9oI8__7,"Well, for starters, let's look at the word ""power""",0.6666666865348816,Positive,/root/HuaWeiCup/dataset/-iRBcNs9oI8/7.mp4,True,980176
38,-iRBcNs9oI8,6,-iRBcNs9oI8__6,What is a power pose,0.3333333432674408,Positive,/root/HuaWeiCup/dataset/-iRBcNs9oI8/6.mp4,True,1286164
39,-iRBcNs9oI8,9,-iRBcNs9oI8__9,Power is similar to strength,1.3333333730697632,Positive,/root/HuaWeiCup/dataset/-iRBcNs9oI8/9.mp4,True,1084122
40,-iRBcNs9oI8,8,-iRBcNs9oI8__8,"I've drawn this man here, and if you can tell, he has a lot of big muscles, he looks very strong",1.0,Positive,/root/HuaWeiCup/dataset/-iRBcNs9oI8/8.mp4,True,1166371
41,-lzEya4AM_4,5,-lzEya4AM_4__5,"If it falls into oh any of those three categories, inducing nausea and vomiting would be your next step.",-0.6666666865348816,Negative,/root/HuaWeiCup/dataset/-lzEya4AM_4/5.mp4,True,333185
42,-lzEya4AM_4,6,-lzEya4AM_4__6,"If the product or poison is some type of petroleum product or corrosive product, you would not attempt to induce vomiting and nausea, as as the product burned on the way down it could cause damage and burning on the way back up.",-0.3333333432674408,Negative,/root/HuaWeiCup/dataset/-lzEya4AM_4/6.mp4,True,1088736
43,-mJ2ud6oKI8,1,-mJ2ud6oKI8__1,There are a dozen or more hands on techniques that we can do,0.0,Neutral,/root/HuaWeiCup/dataset/-mJ2ud6oKI8/1.mp4,True,1040138
44,-mJ2ud6oKI8,2,-mJ2ud6oKI8__2,So physical therapists and chiropractors will do joint manipulations and mobilizations,0.0,Neutral,/root/HuaWeiCup/dataset/-mJ2ud6oKI8/2.mp4,True,1471617
45,-mJ2ud6oKI8,6,-mJ2ud6oKI8__6,They are all very safe,0.3333333432674408,Positive,/root/HuaWeiCup/dataset/-mJ2ud6oKI8/6.mp4,True,562692
46,-mJ2ud6oKI8,9,-mJ2ud6oKI8__9,"It's safe and the person will feel better later on, but it's sort of like flossing your teeth for the first time",0.0,Neutral,/root/HuaWeiCup/dataset/-mJ2ud6oKI8/9.mp4,True,1788453
47,-mJ2ud6oKI8,8,-mJ2ud6oKI8__8,Sometimes we have to stretch that joint that is already irritated,-0.3333333432674408,Negative,/root/HuaWeiCup/dataset/-mJ2ud6oKI8/8.mp4,True,1578317
48,-mqbVkbCndg,0,-mqbVkbCndg__0,"How, at a particular moment in time—our moment in time—are they limited",0.0,Neutral,/root/HuaWeiCup/dataset/-mqbVkbCndg/0.mp4,True,517424
49,-t217m2on-s,2,-t217m2on-s__2,"But a good thing to do is yawning, chewing gum is effective.",0.6666666865348816,Positive,/root/HuaWeiCup/dataset/-t217m2on-s/2.mp4,True,282834
50,-t217m2on-s,7,-t217m2on-s__7,"If you find that your ears consistently do this and you can't pop them often, you'll definitely need to see a physician regarding those things, it could be something more of a nasal infection or a sinus infection that he would need to deal with.",-0.6666666865348816,Negative,/root/HuaWeiCup/dataset/-t217m2on-s/7.mp4,True,648501
51,-tANM6ETl_M,3,-tANM6ETl_M__3,"The first place is either you have a prospect, or a customer who's never done it before, or they've never tried it.",0.3333333432674408,Positive,/root/HuaWeiCup/dataset/-tANM6ETl_M/3.mp4,True,1547930
52,-tPCytz4rww,11,-tPCytz4rww__11,"Make sure that your using comps that are not larger, no larger than twelve hundred square feet.",0.0,Neutral,/root/HuaWeiCup/dataset/-tPCytz4rww/11.mp4,True,361198
53,-tPCytz4rww,10,-tPCytz4rww__10,Say twenty percent so if you've got a thousand square foot condo.,0.0,Neutral,/root/HuaWeiCup/dataset/-tPCytz4rww/10.mp4,True,512248
54,-tPCytz4rww,12,-tPCytz4rww__12,"No less than eight hundred squire feet and going to similar in, similar with bedrooms and bathrooms as well and hopefully the complexes have similar amenities.",0.0,Neutral,/root/HuaWeiCup/dataset/-tPCytz4rww/12.mp4,True,831948
55,-tPCytz4rww,16,-tPCytz4rww__16,So make sure to get a through or to do a through cleaning of the property.,0.0,Neutral,/root/HuaWeiCup/dataset/-tPCytz4rww/16.mp4,True,550547
56,-tPCytz4rww,18,-tPCytz4rww__18,Do so and as well you'll also want to remove any clutter from that you've accumulated.,0.0,Neutral,/root/HuaWeiCup/dataset/-tPCytz4rww/18.mp4,True,625292
57,-vxjVxOeScU,4,-vxjVxOeScU__4,"You're going to talk about their life, their marriage and usually how amazing it is that they've stayed together this long.",1.0,Positive,/root/HuaWeiCup/dataset/-vxjVxOeScU/4.mp4,True,431202
58,-wMB_hJL-3o,7,-wMB_hJL-3o__7,So if you have a loved one who is depressed those are some of the things that you should think about doing.,0.3333333432674408,Positive,/root/HuaWeiCup/dataset/-wMB_hJL-3o/7.mp4,True,264692
59,-wny0OAz3g8,1,-wny0OAz3g8__1,"And because they couldn’t join unions, many Black workers couldn’t get manufacturing or trade work – which paid much better than service work",0.3333333432674408,Positive,/root/HuaWeiCup/dataset/-wny0OAz3g8/1.mp4,True,1001717
60,-wny0OAz3g8,0,-wny0OAz3g8__0,trade labor unions didn’t allow Black workers to join,0.3333333432674408,Positive,/root/HuaWeiCup/dataset/-wny0OAz3g8/0.mp4,True,458092
61,-wny0OAz3g8,3,-wny0OAz3g8__3,Which then allowed the white workers and unions to justify their decision to not allow black workers into their union,-1.3333333730697632,Negative,/root/HuaWeiCup/dataset/-wny0OAz3g8/3.mp4,True,1314050
62,-wny0OAz3g8,2,-wny0OAz3g8__2,"And because they couldn’t get these jobs, Black communities had more men out of work, higher rates of poverty, and more criminal behavior",-0.3333333432674408,Negative,/root/HuaWeiCup/dataset/-wny0OAz3g8/2.mp4,True,1365442
63,-wny0OAz3g8,5,-wny0OAz3g8__5,"This is what’s now known as racial formation theory, a theory formalized by modern sociologists Michael Omi and Howard Winant",1.0,Positive,/root/HuaWeiCup/dataset/-wny0OAz3g8/5.mp4,True,1349104
64,-wny0OAz3g8,7,-wny0OAz3g8__7,Omi and Winant argue that the concept of race came about as a tool to justify and maintain the economic and political power held by those of European descent,0.0,Neutral,/root/HuaWeiCup/dataset/-wny0OAz3g8/7.mp4,True,1016813
65,-wny0OAz3g8,9,-wny0OAz3g8__9,"He explores why Black and White Americans tend to have such different outcomes in terms of income, education, and more",0.6666666865348816,Positive,/root/HuaWeiCup/dataset/-wny0OAz3g8/9.mp4,True,1322886
66,-571d8cVauQ,0,-571d8cVauQ__0,"This is Rhett Reiger, White Caspian Studios on behalf of Expert Village.",0.0,Neutral,/root/HuaWeiCup/dataset/-571d8cVauQ/0.mp4,True,259577
67,-571d8cVauQ,5,-571d8cVauQ__5,"So very important to go out to the locations, walk around, talk with the owners if you can, tell them what you're doing, build a little excitement, put a little glitz on there and let everybody knows this is a very valuable spot.",0.3333333432674408,Positive,/root/HuaWeiCup/dataset/-571d8cVauQ/5.mp4,True,813771
68,-I_e4mIh0yE,1,-I_e4mIh0yE__1,In the United States we don't punish failure to the degree to which failure is punished in Europe.,-0.6666666865348816,Negative,/root/HuaWeiCup/dataset/-I_e4mIh0yE/1.mp4,True,487464
69,-I_e4mIh0yE,3,-I_e4mIh0yE__3,"It's perceived that you have actually learned something, over the course of your carreer, and that you won't make the mistake twice.",0.6666666865348816,Positive,/root/HuaWeiCup/dataset/-I_e4mIh0yE/3.mp4,True,425914
70,-UacrmKiTn4,10,-UacrmKiTn4__10,"Because, if they are not in any way held accountable for reading the material they won't do it.",-0.6666666865348816,Negative,/root/HuaWeiCup/dataset/-UacrmKiTn4/10.mp4,True,486491
71,-UacrmKiTn4,4,-UacrmKiTn4__4,Just given to their own devices they are not going to read the textbook.,-1.3333333730697632,Negative,/root/HuaWeiCup/dataset/-UacrmKiTn4/4.mp4,True,249701
72,-hnBHBN8p5A,7,-hnBHBN8p5A__7,"Picture this, before we actually start hacking, we’re in a room formal setting",0.6666666865348816,Positive,/root/HuaWeiCup/dataset/-hnBHBN8p5A/7.mp4,True,1409433
73,-hnBHBN8p5A,6,-hnBHBN8p5A__6,"Discussion, how to discuss ideas and opinions more effectively than a native speaker",1.0,Positive,/root/HuaWeiCup/dataset/-hnBHBN8p5A/6.mp4,True,1661111
74,-qDkUB0GgYY,6,-qDkUB0GgYY__6,"We always love to hear what you say, and like and share this video as well.",1.3333333730697632,Positive,/root/HuaWeiCup/dataset/-qDkUB0GgYY/6.mp4,True,404331
75,-uywlfIYOS8,4,-uywlfIYOS8__4,"And then from a brand point of view, we need to make sure we're driving the relevant insight.",0.3333333432674408,Positive,/root/HuaWeiCup/dataset/-uywlfIYOS8/4.mp4,True,557194
76,-6rXp3zJ3kc,8,-6rXp3zJ3kc__8,Many people are not until they get to be a older age and they realize that gosh they wasted a lot of time and money in placing bets on stock that's ultimately lost value.,-1.0,Negative,/root/HuaWeiCup/dataset/-6rXp3zJ3kc/8.mp4,True,567350
77,-9y-fZ3swSY,0,-9y-fZ3swSY__0,"is, you can say, hey I really like baby skin, they are so soft, they don’t have any hair on their face",1.0,Positive,/root/HuaWeiCup/dataset/-9y-fZ3swSY/0.mp4,True,965453
78,-9y-fZ3swSY,4,-9y-fZ3swSY__4,I’ve seen this in US or in the US,0.0,Neutral,/root/HuaWeiCup/dataset/-9y-fZ3swSY/4.mp4,True,1486121
79,-9y-fZ3swSY,8,-9y-fZ3swSY__8,That’s a more decent and more polite way to call a lady,1.6666666269302368,Positive,/root/HuaWeiCup/dataset/-9y-fZ3swSY/8.mp4,True,1715052
80,-AUZQgSxyPQ,2,-AUZQgSxyPQ__2,"The perfect soul mate to the Clarisonic Spot Therapy Brush, this gentle, Ph balanced and hydrating exfoliant containing jojoba and acai fruit oils and bamboo and prickly bear extracts deliver intense healing, while smooth granules buff away dead, dry skin cells.",0.6666666865348816,Positive,/root/HuaWeiCup/dataset/-AUZQgSxyPQ/2.mp4,True,4550251
81,-HeZS2-Prhc,2,-HeZS2-Prhc__2,The August jobs report is out and it was seen overall as solid but not great.,0.6666666865348816,Positive,/root/HuaWeiCup/dataset/-HeZS2-Prhc/2.mp4,True,896960
82,-MeTTeMJBNc,0,-MeTTeMJBNc__0,"Okay, what happens at this point after we've taken this brief walk down memory lane, is the presentation of the gift.",0.3333333432674408,Positive,/root/HuaWeiCup/dataset/-MeTTeMJBNc/0.mp4,True,350827
83,-MeTTeMJBNc,13,-MeTTeMJBNc__13,"It just needs to be a simple statement, and then you present the gift.",0.3333333432674408,Positive,/root/HuaWeiCup/dataset/-MeTTeMJBNc/13.mp4,True,271826
84,-MeTTeMJBNc,7,-MeTTeMJBNc__7,"Maybe you could find a picture of the couple from their wedding or sometime in their life, or maybe even a current picture and have it put in a beautiful frame.",1.3333333730697632,Positive,/root/HuaWeiCup/dataset/-MeTTeMJBNc/7.mp4,True,632477
85,-RfYyzHpjk4,11,-RfYyzHpjk4__11,"So get your friends lined up, get your business colleagues lined up and have a good time.",2.0,Positive,/root/HuaWeiCup/dataset/-RfYyzHpjk4/11.mp4,True,2061678
86,-RfYyzHpjk4,8,-RfYyzHpjk4__8,"It's pretty, pretty easy to do but you got to set up those numbers ahead of time.",0.3333333432674408,Positive,/root/HuaWeiCup/dataset/-RfYyzHpjk4/8.mp4,True,2256195
87,-RfYyzHpjk4,2,-RfYyzHpjk4__2,"You can make a conference call but it takes quite a bit of planning, well not a lot of planning it's pretty easy to do.",0.3333333432674408,Positive,/root/HuaWeiCup/dataset/-RfYyzHpjk4/2.mp4,True,1138330
88,-UUCSKoHeMA,0,-UUCSKoHeMA__0,"I mentioned a word in the last clip called 'monotone', and I want to talk about that briefly.",0.0,Neutral,/root/HuaWeiCup/dataset/-UUCSKoHeMA/0.mp4,True,286208
89,-ri04Z7vwnc,0,-ri04Z7vwnc__0,going to get married or are already married,0.0,Neutral,/root/HuaWeiCup/dataset/-ri04Z7vwnc/0.mp4,True,188321
90,-ri04Z7vwnc,2,-ri04Z7vwnc__2,"most people think it'll sort itself out, ""we'll discuss it later,"" it's not something too important",-0.3333333432674408,Negative,/root/HuaWeiCup/dataset/-ri04Z7vwnc/2.mp4,True,460082
91,-ri04Z7vwnc,5,-ri04Z7vwnc__5,""" So I think it's important to discuss finances",0.3333333432674408,Positive,/root/HuaWeiCup/dataset/-ri04Z7vwnc/5.mp4,True,550439
92,-s9qJ7ATP7w,1,-s9qJ7ATP7w__1,"But the hardest thing in life to learn, is to lose",0.6666666865348816,Positive,/root/HuaWeiCup/dataset/-s9qJ7ATP7w/1.mp4,True,1431603
93,-s9qJ7ATP7w,0,-s9qJ7ATP7w__0,"they have doubt, they have fear, they lose in a Ferrari race, or they lose in a race, and then they just give up",-0.3333333432674408,Negative,/root/HuaWeiCup/dataset/-s9qJ7ATP7w/0.mp4,True,890272
94,-s9qJ7ATP7w,5,-s9qJ7ATP7w__5,"I have been beat up and put down and everything that can go wrong, has gone wrong for me",-2.0,Negative,/root/HuaWeiCup/dataset/-s9qJ7ATP7w/5.mp4,True,1432255
95,-s9qJ7ATP7w,4,-s9qJ7ATP7w__4,"I have lost at everything you can imagine, seriously",0.0,Neutral,/root/HuaWeiCup/dataset/-s9qJ7ATP7w/4.mp4,True,639360
96,-s9qJ7ATP7w,7,-s9qJ7ATP7w__7,"I used to work for Warren Avis, the guy who started Avis Rent a Car, and he said to me one day, ""Robert, ""what's the purpose of business",1.0,Positive,/root/HuaWeiCup/dataset/-s9qJ7ATP7w/7.mp4,True,1601944
97,-s9qJ7ATP7w,6,-s9qJ7ATP7w__6,But I just kept going,0.0,Neutral,/root/HuaWeiCup/dataset/-s9qJ7ATP7w/6.mp4,True,839808
98,-s9qJ7ATP7w,8,-s9qJ7ATP7w__8,""" And I said, ""Oh, make a profit, and all these other things",1.3333333730697632,Positive,/root/HuaWeiCup/dataset/-s9qJ7ATP7w/8.mp4,True,781494
99,-yRb-Jum7EQ,1,-yRb-Jum7EQ__1,"it comes with the assistance and agitation of states and regimes, Yesterday Iran announced that it will finance the families of the terrorists and murderers this shows that Iran, even after the nuclear agreement, is continuing to aid terrorism, including Palestinian terrorism, Hezbollah terrorism and its assistance to Hamas.",0.0,Neutral,/root/HuaWeiCup/dataset/-yRb-Jum7EQ/1.mp4,True,5017520
100,-yRb-Jum7EQ,5,-yRb-Jum7EQ__5,"Yesterday Eliav Gelman lost his life in another terrorist attack, not by the students of terrorism, but by those who teach terrorism, a Palestinian teacher.",-0.6666666865348816,Negative,/root/HuaWeiCup/dataset/-yRb-Jum7EQ/5.mp4,True,1599984
101,-yRb-Jum7EQ,6,-yRb-Jum7EQ__6,"Therefore, the world needs to stand with Israel against this incitement, which is the number one cause of terrorism.",0.0,Neutral,/root/HuaWeiCup/dataset/-yRb-Jum7EQ/6.mp4,True,1779127
