source_row,video_id,clip_id,sample_key,modality,status,original_duration_seconds,alignment_granularity_seconds,max_windows,valid_length,feature_dimension,valid_modality_windows,feature_file,mask_field,source_video
2,-3g5yACwYnA,13,-3g5yACwYnA__13,text,success,8.767,0.5,70,18,768,12,/root/HuaWeiCup/outputs/samples/-3g5yACwYnA__13/features.npz,text_mask,/root/HuaWeiCup/dataset/-3g5yACwYnA/13.mp4
2,-3g5yACwYnA,13,-3g5yACwYnA__13,audio,success,8.767,0.5,70,18,50,10,/root/HuaWeiCup/outputs/samples/-3g5yACwYnA__13/features.npz,audio_mask,/root/HuaWeiCup/dataset/-3g5yACwYnA/13.mp4
2,-3g5yACwYnA,13,-3g5yACwYnA__13,visual,success,8.767,0.5,70,18,465,11,/root/HuaWeiCup/outputs/samples/-3g5yACwYnA__13/features.npz,visual_mask,/root/HuaWeiCup/dataset/-3g5yACwYnA/13.mp4
3,-3g5yACwYnA,3,-3g5yACwYnA__3,text,success,19.273,0.5,70,39,768,29,/root/HuaWeiCup/outputs/samples/-3g5yACwYnA__3/features.npz,text_mask,/root/HuaWeiCup/dataset/-3g5yACwYnA/3.mp4
3,-3g5yACwYnA,3,-3g5yACwYnA__3,audio,success,19.273,0.5,70,39,50,28,/root/HuaWeiCup/outputs/samples/-3g5yACwYnA__3/features.npz,audio_mask,/root/HuaWeiCup/dataset/-3g5yACwYnA/3.mp4
3,-3g5yACwYnA,3,-3g5yACwYnA__3,visual,success,19.273,0.5,70,39,465,29,/root/HuaWeiCup/outputs/samples/-3g5yACwYnA__3/features.npz,visual_mask,/root/HuaWeiCup/dataset/-3g5yACwYnA/3.mp4
4,-3g5yACwYnA,2,-3g5yACwYnA__2,text,success,14.234,0.5,70,29,768,17,/root/HuaWeiCup/outputs/samples/-3g5yACwYnA__2/features.npz,text_mask,/root/HuaWeiCup/dataset/-3g5yACwYnA/2.mp4
4,-3g5yACwYnA,2,-3g5yACwYnA__2,audio,success,14.234,0.5,70,29,50,18,/root/HuaWeiCup/outputs/samples/-3g5yACwYnA__2/features.npz,audio_mask,/root/HuaWeiCup/dataset/-3g5yACwYnA/2.mp4
4,-3g5yACwYnA,2,-3g5yACwYnA__2,visual,success,14.234,0.5,70,29,465,19,/root/HuaWeiCup/outputs/samples/-3g5yACwYnA__2/features.npz,visual_mask,/root/HuaWeiCup/dataset/-3g5yACwYnA/2.mp4
5,-3g5yACwYnA,9,-3g5yACwYnA__9,text,success,16.234,0.5,70,33,768,25,/root/HuaWeiCup/outputs/samples/-3g5yACwYnA__9/features.npz,text_mask,/root/HuaWeiCup/dataset/-3g5yACwYnA/9.mp4
5,-3g5yACwYnA,9,-3g5yACwYnA__9,audio,success,16.234,0.5,70,33,50,17,/root/HuaWeiCup/outputs/samples/-3g5yACwYnA__9/features.npz,audio_mask,/root/HuaWeiCup/dataset/-3g5yACwYnA/9.mp4
5,-3g5yACwYnA,9,-3g5yACwYnA__9,visual,success,16.234,0.5,70,33,465,18,/root/HuaWeiCup/outputs/samples/-3g5yACwYnA__9/features.npz,visual_mask,/root/HuaWeiCup/dataset/-3g5yACwYnA/9.mp4
6,-3nNcZdcdvU,5,-3nNcZdcdvU__5,text,success,10.937,0.5,70,22,768,19,/root/HuaWeiCup/outputs/samples/-3nNcZdcdvU__5/features.npz,text_mask,/root/HuaWeiCup/dataset/-3nNcZdcdvU/5.mp4
6,-3nNcZdcdvU,5,-3nNcZdcdvU__5,audio,success,10.937,0.5,70,22,50,16,/root/HuaWeiCup/outputs/samples/-3nNcZdcdvU__5/features.npz,audio_mask,/root/HuaWeiCup/dataset/-3nNcZdcdvU/5.mp4
6,-3nNcZdcdvU,5,-3nNcZdcdvU__5,visual,success,10.937,0.5,70,22,465,16,/root/HuaWeiCup/outputs/samples/-3nNcZdcdvU__5/features.npz,visual_mask,/root/HuaWeiCup/dataset/-3nNcZdcdvU/5.mp4
7,-HwX2H8Z4hY,2,-HwX2H8Z4hY__2,text,success,8.151,0.5,70,17,768,7,/root/HuaWeiCup/outputs/samples/-HwX2H8Z4hY__2/features.npz,text_mask,/root/HuaWeiCup/dataset/-HwX2H8Z4hY/2.mp4
7,-HwX2H8Z4hY,2,-HwX2H8Z4hY__2,audio,success,8.151,0.5,70,17,50,8,/root/HuaWeiCup/outputs/samples/-HwX2H8Z4hY__2/features.npz,audio_mask,/root/HuaWeiCup/dataset/-HwX2H8Z4hY/2.mp4
7,-HwX2H8Z4hY,2,-HwX2H8Z4hY__2,visual,success,8.151,0.5,70,17,465,3,/root/HuaWeiCup/outputs/samples/-HwX2H8Z4hY__2/features.npz,visual_mask,/root/HuaWeiCup/dataset/-HwX2H8Z4hY/2.mp4
8,-HwX2H8Z4hY,5,-HwX2H8Z4hY__5,text,success,11.467,0.5,70,23,768,18,/root/HuaWeiCup/outputs/samples/-HwX2H8Z4hY__5/features.npz,text_mask,/root/HuaWeiCup/dataset/-HwX2H8Z4hY/5.mp4
8,-HwX2H8Z4hY,5,-HwX2H8Z4hY__5,audio,success,11.467,0.5,70,23,50,11,/root/HuaWeiCup/outputs/samples/-HwX2H8Z4hY__5/features.npz,audio_mask,/root/HuaWeiCup/dataset/-HwX2H8Z4hY/5.mp4
8,-HwX2H8Z4hY,5,-HwX2H8Z4hY__5,visual,success,11.467,0.5,70,23,465,5,/root/HuaWeiCup/outputs/samples/-HwX2H8Z4hY__5/features.npz,visual_mask,/root/HuaWeiCup/dataset/-HwX2H8Z4hY/5.mp4
9,-HwX2H8Z4hY,6,-HwX2H8Z4hY__6,text,success,6.767,0.5,70,14,768,9,/root/HuaWeiCup/outputs/samples/-HwX2H8Z4hY__6/features.npz,text_mask,/root/HuaWeiCup/dataset/-HwX2H8Z4hY/6.mp4
9,-HwX2H8Z4hY,6,-HwX2H8Z4hY__6,audio,success,6.767,0.5,70,14,50,7,/root/HuaWeiCup/outputs/samples/-HwX2H8Z4hY__6/features.npz,audio_mask,/root/HuaWeiCup/dataset/-HwX2H8Z4hY/6.mp4
9,-HwX2H8Z4hY,6,-HwX2H8Z4hY__6,visual,success,6.767,0.5,70,14,465,5,/root/HuaWeiCup/outputs/samples/-HwX2H8Z4hY__6/features.npz,visual_mask,/root/HuaWeiCup/dataset/-HwX2H8Z4hY/6.mp4
10,-HwX2H8Z4hY,9,-HwX2H8Z4hY__9,text,success,11.434,0.5,70,23,768,21,/root/HuaWeiCup/outputs/samples/-HwX2H8Z4hY__9/features.npz,text_mask,/root/HuaWeiCup/dataset/-HwX2H8Z4hY/9.mp4
10,-HwX2H8Z4hY,9,-HwX2H8Z4hY__9,audio,success,11.434,0.5,70,23,50,16,/root/HuaWeiCup/outputs/samples/-HwX2H8Z4hY__9/features.npz,audio_mask,/root/HuaWeiCup/dataset/-HwX2H8Z4hY/9.mp4
10,-HwX2H8Z4hY,9,-HwX2H8Z4hY__9,visual,success,11.434,0.5,70,23,465,5,/root/HuaWeiCup/outputs/samples/-HwX2H8Z4hY__9/features.npz,visual_mask,/root/HuaWeiCup/dataset/-HwX2H8Z4hY/9.mp4
11,-NFrJFQijFE,1,-NFrJFQijFE__1,text,success,9.12,0.5,70,19,768,12,/root/HuaWeiCup/outputs/samples/-NFrJFQijFE__1/features.npz,text_mask,/root/HuaWeiCup/dataset/-NFrJFQijFE/1.mp4
11,-NFrJFQijFE,1,-NFrJFQijFE__1,audio,success,9.12,0.5,70,19,50,12,/root/HuaWeiCup/outputs/samples/-NFrJFQijFE__1/features.npz,audio_mask,/root/HuaWeiCup/dataset/-NFrJFQijFE/1.mp4
11,-NFrJFQijFE,1,-NFrJFQijFE__1,visual,success,9.12,0.5,70,19,465,0,/root/HuaWeiCup/outputs/samples/-NFrJFQijFE__1/features.npz,visual_mask,/root/HuaWeiCup/dataset/-NFrJFQijFE/1.mp4
12,-NFrJFQijFE,2,-NFrJFQijFE__2,text,success,9.76,0.5,70,20,768,14,/root/HuaWeiCup/outputs/samples/-NFrJFQijFE__2/features.npz,text_mask,/root/HuaWeiCup/dataset/-NFrJFQijFE/2.mp4
12,-NFrJFQijFE,2,-NFrJFQijFE__2,audio,success,9.76,0.5,70,20,50,14,/root/HuaWeiCup/outputs/samples/-NFrJFQijFE__2/features.npz,audio_mask,/root/HuaWeiCup/dataset/-NFrJFQijFE/2.mp4
12,-NFrJFQijFE,2,-NFrJFQijFE__2,visual,success,9.76,0.5,70,20,465,0,/root/HuaWeiCup/outputs/samples/-NFrJFQijFE__2/features.npz,visual_mask,/root/HuaWeiCup/dataset/-NFrJFQijFE/2.mp4
13,-THoVjtIkeU,12,-THoVjtIkeU__12,text,success,18.8,0.5,70,38,768,30,/root/HuaWeiCup/outputs/samples/-THoVjtIkeU__12/features.npz,text_mask,/root/HuaWeiCup/dataset/-THoVjtIkeU/12.mp4
13,-THoVjtIkeU,12,-THoVjtIkeU__12,audio,success,18.8,0.5,70,38,50,30,/root/HuaWeiCup/outputs/samples/-THoVjtIkeU__12/features.npz,audio_mask,/root/HuaWeiCup/dataset/-THoVjtIkeU/12.mp4
13,-THoVjtIkeU,12,-THoVjtIkeU__12,visual,success,18.8,0.5,70,38,465,30,/root/HuaWeiCup/outputs/samples/-THoVjtIkeU__12/features.npz,visual_mask,/root/HuaWeiCup/dataset/-THoVjtIkeU/12.mp4
14,-THoVjtIkeU,2,-THoVjtIkeU__2,text,success,4.644,0.5,70,10,768,8,/root/HuaWeiCup/outputs/samples/-THoVjtIkeU__2/features.npz,text_mask,/root/HuaWeiCup/dataset/-THoVjtIkeU/2.mp4
14,-THoVjtIkeU,2,-THoVjtIkeU__2,audio,success,4.644,0.5,70,10,50,9,/root/HuaWeiCup/outputs/samples/-THoVjtIkeU__2/features.npz,audio_mask,/root/HuaWeiCup/dataset/-THoVjtIkeU/2.mp4
14,-THoVjtIkeU,2,-THoVjtIkeU__2,visual,success,4.644,0.5,70,10,465,9,/root/HuaWeiCup/outputs/samples/-THoVjtIkeU__2/features.npz,visual_mask,/root/HuaWeiCup/dataset/-THoVjtIkeU/2.mp4
15,-THoVjtIkeU,6,-THoVjtIkeU__6,text,success,11.067,0.5,70,23,768,20,/root/HuaWeiCup/outputs/samples/-THoVjtIkeU__6/features.npz,text_mask,/root/HuaWeiCup/dataset/-THoVjtIkeU/6.mp4
15,-THoVjtIkeU,6,-THoVjtIkeU__6,audio,success,11.067,0.5,70,23,50,16,/root/HuaWeiCup/outputs/samples/-THoVjtIkeU__6/features.npz,audio_mask,/root/HuaWeiCup/dataset/-THoVjtIkeU/6.mp4
15,-THoVjtIkeU,6,-THoVjtIkeU__6,visual,success,11.067,0.5,70,23,465,16,/root/HuaWeiCup/outputs/samples/-THoVjtIkeU__6/features.npz,visual_mask,/root/HuaWeiCup/dataset/-THoVjtIkeU/6.mp4
16,-UuX1xuaiiE,1,-UuX1xuaiiE__1,text,success,13.434,0.5,70,27,768,23,/root/HuaWeiCup/outputs/samples/-UuX1xuaiiE__1/features.npz,text_mask,/root/HuaWeiCup/dataset/-UuX1xuaiiE/1.mp4
16,-UuX1xuaiiE,1,-UuX1xuaiiE__1,audio,success,13.434,0.5,70,27,50,21,/root/HuaWeiCup/outputs/samples/-UuX1xuaiiE__1/features.npz,audio_mask,/root/HuaWeiCup/dataset/-UuX1xuaiiE/1.mp4
16,-UuX1xuaiiE,1,-UuX1xuaiiE__1,visual,success,13.434,0.5,70,27,465,21,/root/HuaWeiCup/outputs/samples/-UuX1xuaiiE__1/features.npz,visual_mask,/root/HuaWeiCup/dataset/-UuX1xuaiiE/1.mp4
17,-UuX1xuaiiE,0,-UuX1xuaiiE__0,text,success,3.7,0.5,70,8,768,7,/root/HuaWeiCup/outputs/samples/-UuX1xuaiiE__0/features.npz,text_mask,/root/HuaWeiCup/dataset/-UuX1xuaiiE/0.mp4
17,-UuX1xuaiiE,0,-UuX1xuaiiE__0,audio,success,3.7,0.5,70,8,50,8,/root/HuaWeiCup/outputs/samples/-UuX1xuaiiE__0/features.npz,audio_mask,/root/HuaWeiCup/dataset/-UuX1xuaiiE/0.mp4
17,-UuX1xuaiiE,0,-UuX1xuaiiE__0,visual,success,3.7,0.5,70,8,465,7,/root/HuaWeiCup/outputs/samples/-UuX1xuaiiE__0/features.npz,visual_mask,/root/HuaWeiCup/dataset/-UuX1xuaiiE/0.mp4
18,-UuX1xuaiiE,3,-UuX1xuaiiE__3,text,success,10.634,0.5,70,22,768,16,/root/HuaWeiCup/outputs/samples/-UuX1xuaiiE__3/features.npz,text_mask,/root/HuaWeiCup/dataset/-UuX1xuaiiE/3.mp4
18,-UuX1xuaiiE,3,-UuX1xuaiiE__3,audio,success,10.634,0.5,70,22,50,8,/root/HuaWeiCup/outputs/samples/-UuX1xuaiiE__3/features.npz,audio_mask,/root/HuaWeiCup/dataset/-UuX1xuaiiE/3.mp4
18,-UuX1xuaiiE,3,-UuX1xuaiiE__3,visual,success,10.634,0.5,70,22,465,8,/root/HuaWeiCup/outputs/samples/-UuX1xuaiiE__3/features.npz,visual_mask,/root/HuaWeiCup/dataset/-UuX1xuaiiE/3.mp4
19,-UuX1xuaiiE,6,-UuX1xuaiiE__6,text,success,15.234,0.5,70,31,768,24,/root/HuaWeiCup/outputs/samples/-UuX1xuaiiE__6/features.npz,text_mask,/root/HuaWeiCup/dataset/-UuX1xuaiiE/6.mp4
19,-UuX1xuaiiE,6,-UuX1xuaiiE__6,audio,success,15.234,0.5,70,31,50,16,/root/HuaWeiCup/outputs/samples/-UuX1xuaiiE__6/features.npz,audio_mask,/root/HuaWeiCup/dataset/-UuX1xuaiiE/6.mp4
19,-UuX1xuaiiE,6,-UuX1xuaiiE__6,visual,success,15.234,0.5,70,31,465,16,/root/HuaWeiCup/outputs/samples/-UuX1xuaiiE__6/features.npz,visual_mask,/root/HuaWeiCup/dataset/-UuX1xuaiiE/6.mp4
20,-a55Q6RWvTA,3,-a55Q6RWvTA__3,text,success,22.617,0.5,70,46,768,41,/root/HuaWeiCup/outputs/samples/-a55Q6RWvTA__3/features.npz,text_mask,/root/HuaWeiCup/dataset/-a55Q6RWvTA/3.mp4
20,-a55Q6RWvTA,3,-a55Q6RWvTA__3,audio,success,22.617,0.5,70,46,50,45,/root/HuaWeiCup/outputs/samples/-a55Q6RWvTA__3/features.npz,audio_mask,/root/HuaWeiCup/dataset/-a55Q6RWvTA/3.mp4
20,-a55Q6RWvTA,3,-a55Q6RWvTA__3,visual,success,22.617,0.5,70,46,465,44,/root/HuaWeiCup/outputs/samples/-a55Q6RWvTA__3/features.npz,visual_mask,/root/HuaWeiCup/dataset/-a55Q6RWvTA/3.mp4
21,-aNfi7CP8vM,7,-aNfi7CP8vM__7,text,success,11.334,0.5,70,23,768,20,/root/HuaWeiCup/outputs/samples/-aNfi7CP8vM__7/features.npz,text_mask,/root/HuaWeiCup/dataset/-aNfi7CP8vM/7.mp4
21,-aNfi7CP8vM,7,-aNfi7CP8vM__7,audio,success,11.334,0.5,70,23,50,17,/root/HuaWeiCup/outputs/samples/-aNfi7CP8vM__7/features.npz,audio_mask,/root/HuaWeiCup/dataset/-aNfi7CP8vM/7.mp4
21,-aNfi7CP8vM,7,-aNfi7CP8vM__7,visual,success,11.334,0.5,70,23,465,16,/root/HuaWeiCup/outputs/samples/-aNfi7CP8vM__7/features.npz,visual_mask,/root/HuaWeiCup/dataset/-aNfi7CP8vM/7.mp4
22,-aqamKhZ1Ec,0,-aqamKhZ1Ec__0,text,success,11.0,0.5,70,22,768,19,/root/HuaWeiCup/outputs/samples/-aqamKhZ1Ec__0/features.npz,text_mask,/root/HuaWeiCup/dataset/-aqamKhZ1Ec/0.mp4
22,-aqamKhZ1Ec,0,-aqamKhZ1Ec__0,audio,success,11.0,0.5,70,22,50,22,/root/HuaWeiCup/outputs/samples/-aqamKhZ1Ec__0/features.npz,audio_mask,/root/HuaWeiCup/dataset/-aqamKhZ1Ec/0.mp4
22,-aqamKhZ1Ec,0,-aqamKhZ1Ec__0,visual,success,11.0,0.5,70,22,465,21,/root/HuaWeiCup/outputs/samples/-aqamKhZ1Ec__0/features.npz,visual_mask,/root/HuaWeiCup/dataset/-aqamKhZ1Ec/0.mp4
23,-dxfTGcXJoc,1,-dxfTGcXJoc__1,text,success,19.7,0.5,70,40,768,37,/root/HuaWeiCup/outputs/samples/-dxfTGcXJoc__1/features.npz,text_mask,/root/HuaWeiCup/dataset/-dxfTGcXJoc/1.mp4
23,-dxfTGcXJoc,1,-dxfTGcXJoc__1,audio,success,19.7,0.5,70,40,50,32,/root/HuaWeiCup/outputs/samples/-dxfTGcXJoc__1/features.npz,audio_mask,/root/HuaWeiCup/dataset/-dxfTGcXJoc/1.mp4
23,-dxfTGcXJoc,1,-dxfTGcXJoc__1,visual,success,19.7,0.5,70,40,465,31,/root/HuaWeiCup/outputs/samples/-dxfTGcXJoc__1/features.npz,visual_mask,/root/HuaWeiCup/dataset/-dxfTGcXJoc/1.mp4
24,-dxfTGcXJoc,0,-dxfTGcXJoc__0,text,success,20.534,0.5,70,42,768,35,/root/HuaWeiCup/outputs/samples/-dxfTGcXJoc__0/features.npz,text_mask,/root/HuaWeiCup/dataset/-dxfTGcXJoc/0.mp4
24,-dxfTGcXJoc,0,-dxfTGcXJoc__0,audio,success,20.534,0.5,70,42,50,39,/root/HuaWeiCup/outputs/samples/-dxfTGcXJoc__0/features.npz,audio_mask,/root/HuaWeiCup/dataset/-dxfTGcXJoc/0.mp4
24,-dxfTGcXJoc,0,-dxfTGcXJoc__0,visual,success,20.534,0.5,70,42,465,28,/root/HuaWeiCup/outputs/samples/-dxfTGcXJoc__0/features.npz,visual_mask,/root/HuaWeiCup/dataset/-dxfTGcXJoc/0.mp4
25,-dxfTGcXJoc,2,-dxfTGcXJoc__2,text,success,19.552,0.5,70,40,768,37,/root/HuaWeiCup/outputs/samples/-dxfTGcXJoc__2/features.npz,text_mask,/root/HuaWeiCup/dataset/-dxfTGcXJoc/2.mp4
25,-dxfTGcXJoc,2,-dxfTGcXJoc__2,audio,success,19.552,0.5,70,40,50,34,/root/HuaWeiCup/outputs/samples/-dxfTGcXJoc__2/features.npz,audio_mask,/root/HuaWeiCup/dataset/-dxfTGcXJoc/2.mp4
25,-dxfTGcXJoc,2,-dxfTGcXJoc__2,visual,success,19.552,0.5,70,40,465,31,/root/HuaWeiCup/outputs/samples/-dxfTGcXJoc__2/features.npz,visual_mask,/root/HuaWeiCup/dataset/-dxfTGcXJoc/2.mp4
26,-dxfTGcXJoc,6,-dxfTGcXJoc__6,text,success,12.967,0.5,70,26,768,25,/root/HuaWeiCup/outputs/samples/-dxfTGcXJoc__6/features.npz,text_mask,/root/HuaWeiCup/dataset/-dxfTGcXJoc/6.mp4
26,-dxfTGcXJoc,6,-dxfTGcXJoc__6,audio,success,12.967,0.5,70,26,50,26,/root/HuaWeiCup/outputs/samples/-dxfTGcXJoc__6/features.npz,audio_mask,/root/HuaWeiCup/dataset/-dxfTGcXJoc/6.mp4
26,-dxfTGcXJoc,6,-dxfTGcXJoc__6,visual,success,12.967,0.5,70,26,465,25,/root/HuaWeiCup/outputs/samples/-dxfTGcXJoc__6/features.npz,visual_mask,/root/HuaWeiCup/dataset/-dxfTGcXJoc/6.mp4
27,-egA8-b7-3M,26,-egA8-b7-3M__26,text,success,11.5,0.5,70,23,768,18,/root/HuaWeiCup/outputs/samples/-egA8-b7-3M__26/features.npz,text_mask,/root/HuaWeiCup/dataset/-egA8-b7-3M/26.mp4
27,-egA8-b7-3M,26,-egA8-b7-3M__26,audio,success,11.5,0.5,70,23,50,12,/root/HuaWeiCup/outputs/samples/-egA8-b7-3M__26/features.npz,audio_mask,/root/HuaWeiCup/dataset/-egA8-b7-3M/26.mp4
27,-egA8-b7-3M,26,-egA8-b7-3M__26,visual,success,11.5,0.5,70,23,465,12,/root/HuaWeiCup/outputs/samples/-egA8-b7-3M__26/features.npz,visual_mask,/root/HuaWeiCup/dataset/-egA8-b7-3M/26.mp4
28,-egA8-b7-3M,17,-egA8-b7-3M__17,text,success,14.0,0.5,70,28,768,21,/root/HuaWeiCup/outputs/samples/-egA8-b7-3M__17/features.npz,text_mask,/root/HuaWeiCup/dataset/-egA8-b7-3M/17.mp4
28,-egA8-b7-3M,17,-egA8-b7-3M__17,audio,success,14.0,0.5,70,28,50,15,/root/HuaWeiCup/outputs/samples/-egA8-b7-3M__17/features.npz,audio_mask,/root/HuaWeiCup/dataset/-egA8-b7-3M/17.mp4
28,-egA8-b7-3M,17,-egA8-b7-3M__17,visual,success,14.0,0.5,70,28,465,15,/root/HuaWeiCup/outputs/samples/-egA8-b7-3M__17/features.npz,visual_mask,/root/HuaWeiCup/dataset/-egA8-b7-3M/17.mp4
29,-egA8-b7-3M,18,-egA8-b7-3M__18,text,success,13.367,0.5,70,27,768,24,/root/HuaWeiCup/outputs/samples/-egA8-b7-3M__18/features.npz,text_mask,/root/HuaWeiCup/dataset/-egA8-b7-3M/18.mp4
29,-egA8-b7-3M,18,-egA8-b7-3M__18,audio,success,13.367,0.5,70,27,50,17,/root/HuaWeiCup/outputs/samples/-egA8-b7-3M__18/features.npz,audio_mask,/root/HuaWeiCup/dataset/-egA8-b7-3M/18.mp4
29,-egA8-b7-3M,18,-egA8-b7-3M__18,visual,success,13.367,0.5,70,27,465,15,/root/HuaWeiCup/outputs/samples/-egA8-b7-3M__18/features.npz,visual_mask,/root/HuaWeiCup/dataset/-egA8-b7-3M/18.mp4
30,-egA8-b7-3M,16,-egA8-b7-3M__16,text,success,7.129,0.5,70,15,768,12,/root/HuaWeiCup/outputs/samples/-egA8-b7-3M__16/features.npz,text_mask,/root/HuaWeiCup/dataset/-egA8-b7-3M/16.mp4
30,-egA8-b7-3M,16,-egA8-b7-3M__16,audio,success,7.129,0.5,70,15,50,11,/root/HuaWeiCup/outputs/samples/-egA8-b7-3M__16/features.npz,audio_mask,/root/HuaWeiCup/dataset/-egA8-b7-3M/16.mp4
30,-egA8-b7-3M,16,-egA8-b7-3M__16,visual,success,7.129,0.5,70,15,465,11,/root/HuaWeiCup/outputs/samples/-egA8-b7-3M__16/features.npz,visual_mask,/root/HuaWeiCup/dataset/-egA8-b7-3M/16.mp4
31,-egA8-b7-3M,13,-egA8-b7-3M__13,text,success,6.967,0.5,70,14,768,11,/root/HuaWeiCup/outputs/samples/-egA8-b7-3M__13/features.npz,text_mask,/root/HuaWeiCup/dataset/-egA8-b7-3M/13.mp4
31,-egA8-b7-3M,13,-egA8-b7-3M__13,audio,success,6.967,0.5,70,14,50,8,/root/HuaWeiCup/outputs/samples/-egA8-b7-3M__13/features.npz,audio_mask,/root/HuaWeiCup/dataset/-egA8-b7-3M/13.mp4
31,-egA8-b7-3M,13,-egA8-b7-3M__13,visual,success,6.967,0.5,70,14,465,8,/root/HuaWeiCup/outputs/samples/-egA8-b7-3M__13/features.npz,visual_mask,/root/HuaWeiCup/dataset/-egA8-b7-3M/13.mp4
32,-egA8-b7-3M,1,-egA8-b7-3M__1,text,success,11.534,0.5,70,24,768,21,/root/HuaWeiCup/outputs/samples/-egA8-b7-3M__1/features.npz,text_mask,/root/HuaWeiCup/dataset/-egA8-b7-3M/1.mp4
32,-egA8-b7-3M,1,-egA8-b7-3M__1,audio,success,11.534,0.5,70,24,50,21,/root/HuaWeiCup/outputs/samples/-egA8-b7-3M__1/features.npz,audio_mask,/root/HuaWeiCup/dataset/-egA8-b7-3M/1.mp4
32,-egA8-b7-3M,1,-egA8-b7-3M__1,visual,success,11.534,0.5,70,24,465,17,/root/HuaWeiCup/outputs/samples/-egA8-b7-3M__1/features.npz,visual_mask,/root/HuaWeiCup/dataset/-egA8-b7-3M/1.mp4
33,-egA8-b7-3M,6,-egA8-b7-3M__6,text,success,8.035,0.5,70,17,768,14,/root/HuaWeiCup/outputs/samples/-egA8-b7-3M__6/features.npz,text_mask,/root/HuaWeiCup/dataset/-egA8-b7-3M/6.mp4
33,-egA8-b7-3M,6,-egA8-b7-3M__6,audio,success,8.035,0.5,70,17,50,13,/root/HuaWeiCup/outputs/samples/-egA8-b7-3M__6/features.npz,audio_mask,/root/HuaWeiCup/dataset/-egA8-b7-3M/6.mp4
33,-egA8-b7-3M,6,-egA8-b7-3M__6,visual,success,8.035,0.5,70,17,465,12,/root/HuaWeiCup/outputs/samples/-egA8-b7-3M__6/features.npz,visual_mask,/root/HuaWeiCup/dataset/-egA8-b7-3M/6.mp4
34,-egA8-b7-3M,9,-egA8-b7-3M__9,text,success,10.134,0.5,70,21,768,16,/root/HuaWeiCup/outputs/samples/-egA8-b7-3M__9/features.npz,text_mask,/root/HuaWeiCup/dataset/-egA8-b7-3M/9.mp4
34,-egA8-b7-3M,9,-egA8-b7-3M__9,audio,success,10.134,0.5,70,21,50,10,/root/HuaWeiCup/outputs/samples/-egA8-b7-3M__9/features.npz,audio_mask,/root/HuaWeiCup/dataset/-egA8-b7-3M/9.mp4
34,-egA8-b7-3M,9,-egA8-b7-3M__9,visual,success,10.134,0.5,70,21,465,10,/root/HuaWeiCup/outputs/samples/-egA8-b7-3M__9/features.npz,visual_mask,/root/HuaWeiCup/dataset/-egA8-b7-3M/9.mp4
35,-egA8-b7-3M,20,-egA8-b7-3M__20,text,success,14.767,0.5,70,30,768,23,/root/HuaWeiCup/outputs/samples/-egA8-b7-3M__20/features.npz,text_mask,/root/HuaWeiCup/dataset/-egA8-b7-3M/20.mp4
35,-egA8-b7-3M,20,-egA8-b7-3M__20,audio,success,14.767,0.5,70,30,50,13,/root/HuaWeiCup/outputs/samples/-egA8-b7-3M__20/features.npz,audio_mask,/root/HuaWeiCup/dataset/-egA8-b7-3M/20.mp4
35,-egA8-b7-3M,20,-egA8-b7-3M__20,visual,success,14.767,0.5,70,30,465,13,/root/HuaWeiCup/outputs/samples/-egA8-b7-3M__20/features.npz,visual_mask,/root/HuaWeiCup/dataset/-egA8-b7-3M/20.mp4
36,-iRBcNs9oI8,3,-iRBcNs9oI8__3,text,success,5.84,0.5,70,12,768,5,/root/HuaWeiCup/outputs/samples/-iRBcNs9oI8__3/features.npz,text_mask,/root/HuaWeiCup/dataset/-iRBcNs9oI8/3.mp4
36,-iRBcNs9oI8,3,-iRBcNs9oI8__3,audio,success,5.84,0.5,70,12,50,11,/root/HuaWeiCup/outputs/samples/-iRBcNs9oI8__3/features.npz,audio_mask,/root/HuaWeiCup/dataset/-iRBcNs9oI8/3.mp4
36,-iRBcNs9oI8,3,-iRBcNs9oI8__3,visual,success,5.84,0.5,70,12,465,11,/root/HuaWeiCup/outputs/samples/-iRBcNs9oI8__3/features.npz,visual_mask,/root/HuaWeiCup/dataset/-iRBcNs9oI8/3.mp4
37,-iRBcNs9oI8,7,-iRBcNs9oI8__7,text,success,5.806,0.5,70,12,768,9,/root/HuaWeiCup/outputs/samples/-iRBcNs9oI8__7/features.npz,text_mask,/root/HuaWeiCup/dataset/-iRBcNs9oI8/7.mp4
37,-iRBcNs9oI8,7,-iRBcNs9oI8__7,audio,success,5.806,0.5,70,12,50,8,/root/HuaWeiCup/outputs/samples/-iRBcNs9oI8__7/features.npz,audio_mask,/root/HuaWeiCup/dataset/-iRBcNs9oI8/7.mp4
37,-iRBcNs9oI8,7,-iRBcNs9oI8__7,visual,success,5.806,0.5,70,12,465,8,/root/HuaWeiCup/outputs/samples/-iRBcNs9oI8__7/features.npz,visual_mask,/root/HuaWeiCup/dataset/-iRBcNs9oI8/7.mp4
38,-iRBcNs9oI8,6,-iRBcNs9oI8__6,text,success,7.475,0.5,70,15,768,4,/root/HuaWeiCup/outputs/samples/-iRBcNs9oI8__6/features.npz,text_mask,/root/HuaWeiCup/dataset/-iRBcNs9oI8/6.mp4
38,-iRBcNs9oI8,6,-iRBcNs9oI8__6,audio,success,7.475,0.5,70,15,50,6,/root/HuaWeiCup/outputs/samples/-iRBcNs9oI8__6/features.npz,audio_mask,/root/HuaWeiCup/dataset/-iRBcNs9oI8/6.mp4
38,-iRBcNs9oI8,6,-iRBcNs9oI8__6,visual,success,7.475,0.5,70,15,465,5,/root/HuaWeiCup/outputs/samples/-iRBcNs9oI8__6/features.npz,visual_mask,/root/HuaWeiCup/dataset/-iRBcNs9oI8/6.mp4
39,-iRBcNs9oI8,9,-iRBcNs9oI8__9,text,success,7.152,0.5,70,15,768,6,/root/HuaWeiCup/outputs/samples/-iRBcNs9oI8__9/features.npz,text_mask,/root/HuaWeiCup/dataset/-iRBcNs9oI8/9.mp4
39,-iRBcNs9oI8,9,-iRBcNs9oI8__9,audio,success,7.152,0.5,70,15,50,5,/root/HuaWeiCup/outputs/samples/-iRBcNs9oI8__9/features.npz,audio_mask,/root/HuaWeiCup/dataset/-iRBcNs9oI8/9.mp4
39,-iRBcNs9oI8,9,-iRBcNs9oI8__9,visual,success,7.152,0.5,70,15,465,5,/root/HuaWeiCup/outputs/samples/-iRBcNs9oI8__9/features.npz,visual_mask,/root/HuaWeiCup/dataset/-iRBcNs9oI8/9.mp4
40,-iRBcNs9oI8,8,-iRBcNs9oI8__8,text,success,8.642,0.5,70,18,768,11,/root/HuaWeiCup/outputs/samples/-iRBcNs9oI8__8/features.npz,text_mask,/root/HuaWeiCup/dataset/-iRBcNs9oI8/8.mp4
40,-iRBcNs9oI8,8,-iRBcNs9oI8__8,audio,success,8.642,0.5,70,18,50,15,/root/HuaWeiCup/outputs/samples/-iRBcNs9oI8__8/features.npz,audio_mask,/root/HuaWeiCup/dataset/-iRBcNs9oI8/8.mp4
40,-iRBcNs9oI8,8,-iRBcNs9oI8__8,visual,success,8.642,0.5,70,18,465,16,/root/HuaWeiCup/outputs/samples/-iRBcNs9oI8__8/features.npz,visual_mask,/root/HuaWeiCup/dataset/-iRBcNs9oI8/8.mp4
41,-lzEya4AM_4,5,-lzEya4AM_4__5,text,success,7.8,0.5,70,16,768,12,/root/HuaWeiCup/outputs/samples/-lzEya4AM_4__5/features.npz,text_mask,/root/HuaWeiCup/dataset/-lzEya4AM_4/5.mp4
41,-lzEya4AM_4,5,-lzEya4AM_4__5,audio,success,7.8,0.5,70,16,50,16,/root/HuaWeiCup/outputs/samples/-lzEya4AM_4__5/features.npz,audio_mask,/root/HuaWeiCup/dataset/-lzEya4AM_4/5.mp4
41,-lzEya4AM_4,5,-lzEya4AM_4__5,visual,success,7.8,0.5,70,16,465,14,/root/HuaWeiCup/outputs/samples/-lzEya4AM_4__5/features.npz,visual_mask,/root/HuaWeiCup/dataset/-lzEya4AM_4/5.mp4
42,-lzEya4AM_4,6,-lzEya4AM_4__6,text,success,22.733,0.5,70,46,768,42,/root/HuaWeiCup/outputs/samples/-lzEya4AM_4__6/features.npz,text_mask,/root/HuaWeiCup/dataset/-lzEya4AM_4/6.mp4
42,-lzEya4AM_4,6,-lzEya4AM_4__6,audio,success,22.733,0.5,70,46,50,30,/root/HuaWeiCup/outputs/samples/-lzEya4AM_4__6/features.npz,audio_mask,/root/HuaWeiCup/dataset/-lzEya4AM_4/6.mp4
42,-lzEya4AM_4,6,-lzEya4AM_4__6,visual,success,22.733,0.5,70,46,465,29,/root/HuaWeiCup/outputs/samples/-lzEya4AM_4__6/features.npz,visual_mask,/root/HuaWeiCup/dataset/-lzEya4AM_4/6.mp4
43,-mJ2ud6oKI8,1,-mJ2ud6oKI8__1,text,success,6.574,0.5,70,14,768,3,/root/HuaWeiCup/outputs/samples/-mJ2ud6oKI8__1/features.npz,text_mask,/root/HuaWeiCup/dataset/-mJ2ud6oKI8/1.mp4
43,-mJ2ud6oKI8,1,-mJ2ud6oKI8__1,audio,success,6.574,0.5,70,14,50,0,/root/HuaWeiCup/outputs/samples/-mJ2ud6oKI8__1/features.npz,audio_mask,/root/HuaWeiCup/dataset/-mJ2ud6oKI8/1.mp4
43,-mJ2ud6oKI8,1,-mJ2ud6oKI8__1,visual,success,6.574,0.5,70,14,465,0,/root/HuaWeiCup/outputs/samples/-mJ2ud6oKI8__1/features.npz,visual_mask,/root/HuaWeiCup/dataset/-mJ2ud6oKI8/1.mp4
44,-mJ2ud6oKI8,2,-mJ2ud6oKI8__2,text,success,6.781,0.5,70,14,768,5,/root/HuaWeiCup/outputs/samples/-mJ2ud6oKI8__2/features.npz,text_mask,/root/HuaWeiCup/dataset/-mJ2ud6oKI8/2.mp4
44,-mJ2ud6oKI8,2,-mJ2ud6oKI8__2,audio,success,6.781,0.5,70,14,50,0,/root/HuaWeiCup/outputs/samples/-mJ2ud6oKI8__2/features.npz,audio_mask,/root/HuaWeiCup/dataset/-mJ2ud6oKI8/2.mp4
44,-mJ2ud6oKI8,2,-mJ2ud6oKI8__2,visual,success,6.781,0.5,70,14,465,0,/root/HuaWeiCup/outputs/samples/-mJ2ud6oKI8__2/features.npz,visual_mask,/root/HuaWeiCup/dataset/-mJ2ud6oKI8/2.mp4
45,-mJ2ud6oKI8,6,-mJ2ud6oKI8__6,text,success,2.648,0.5,70,6,768,3,/root/HuaWeiCup/outputs/samples/-mJ2ud6oKI8__6/features.npz,text_mask,/root/HuaWeiCup/dataset/-mJ2ud6oKI8/6.mp4
45,-mJ2ud6oKI8,6,-mJ2ud6oKI8__6,audio,success,2.648,0.5,70,6,50,5,/root/HuaWeiCup/outputs/samples/-mJ2ud6oKI8__6/features.npz,audio_mask,/root/HuaWeiCup/dataset/-mJ2ud6oKI8/6.mp4
45,-mJ2ud6oKI8,6,-mJ2ud6oKI8__6,visual,success,2.648,0.5,70,6,465,4,/root/HuaWeiCup/outputs/samples/-mJ2ud6oKI8__6/features.npz,visual_mask,/root/HuaWeiCup/dataset/-mJ2ud6oKI8/6.mp4
46,-mJ2ud6oKI8,9,-mJ2ud6oKI8__9,text,success,10.01,0.5,70,21,768,16,/root/HuaWeiCup/outputs/samples/-mJ2ud6oKI8__9/features.npz,text_mask,/root/HuaWeiCup/dataset/-mJ2ud6oKI8/9.mp4
46,-mJ2ud6oKI8,9,-mJ2ud6oKI8__9,audio,success,10.01,0.5,70,21,50,14,/root/HuaWeiCup/outputs/samples/-mJ2ud6oKI8__9/features.npz,audio_mask,/root/HuaWeiCup/dataset/-mJ2ud6oKI8/9.mp4
46,-mJ2ud6oKI8,9,-mJ2ud6oKI8__9,visual,success,10.01,0.5,70,21,465,14,/root/HuaWeiCup/outputs/samples/-mJ2ud6oKI8__9/features.npz,visual_mask,/root/HuaWeiCup/dataset/-mJ2ud6oKI8/9.mp4
47,-mJ2ud6oKI8,8,-mJ2ud6oKI8__8,text,success,8.662,0.5,70,18,768,8,/root/HuaWeiCup/outputs/samples/-mJ2ud6oKI8__8/features.npz,text_mask,/root/HuaWeiCup/dataset/-mJ2ud6oKI8/8.mp4
47,-mJ2ud6oKI8,8,-mJ2ud6oKI8__8,audio,success,8.662,0.5,70,18,50,9,/root/HuaWeiCup/outputs/samples/-mJ2ud6oKI8__8/features.npz,audio_mask,/root/HuaWeiCup/dataset/-mJ2ud6oKI8/8.mp4
47,-mJ2ud6oKI8,8,-mJ2ud6oKI8__8,visual,success,8.662,0.5,70,18,465,8,/root/HuaWeiCup/outputs/samples/-mJ2ud6oKI8__8/features.npz,visual_mask,/root/HuaWeiCup/dataset/-mJ2ud6oKI8/8.mp4
48,-mqbVkbCndg,0,-mqbVkbCndg__0,text,success,6.5,0.5,70,13,768,12,/root/HuaWeiCup/outputs/samples/-mqbVkbCndg__0/features.npz,text_mask,/root/HuaWeiCup/dataset/-mqbVkbCndg/0.mp4
48,-mqbVkbCndg,0,-mqbVkbCndg__0,audio,success,6.5,0.5,70,13,50,13,/root/HuaWeiCup/outputs/samples/-mqbVkbCndg__0/features.npz,audio_mask,/root/HuaWeiCup/dataset/-mqbVkbCndg/0.mp4
48,-mqbVkbCndg,0,-mqbVkbCndg__0,visual,success,6.5,0.5,70,13,465,13,/root/HuaWeiCup/outputs/samples/-mqbVkbCndg__0/features.npz,visual_mask,/root/HuaWeiCup/dataset/-mqbVkbCndg/0.mp4
49,-t217m2on-s,2,-t217m2on-s__2,text,success,8.011,0.5,70,17,768,12,/root/HuaWeiCup/outputs/samples/-t217m2on-s__2/features.npz,text_mask,/root/HuaWeiCup/dataset/-t217m2on-s/2.mp4
49,-t217m2on-s,2,-t217m2on-s__2,audio,success,8.011,0.5,70,17,50,10,/root/HuaWeiCup/outputs/samples/-t217m2on-s__2/features.npz,audio_mask,/root/HuaWeiCup/dataset/-t217m2on-s/2.mp4
49,-t217m2on-s,2,-t217m2on-s__2,visual,success,8.011,0.5,70,17,465,10,/root/HuaWeiCup/outputs/samples/-t217m2on-s__2/features.npz,visual_mask,/root/HuaWeiCup/dataset/-t217m2on-s/2.mp4
50,-t217m2on-s,7,-t217m2on-s__7,text,success,18.7,0.5,70,38,768,34,/root/HuaWeiCup/outputs/samples/-t217m2on-s__7/features.npz,text_mask,/root/HuaWeiCup/dataset/-t217m2on-s/7.mp4
50,-t217m2on-s,7,-t217m2on-s__7,audio,success,18.7,0.5,70,38,50,32,/root/HuaWeiCup/outputs/samples/-t217m2on-s__7/features.npz,audio_mask,/root/HuaWeiCup/dataset/-t217m2on-s/7.mp4
50,-t217m2on-s,7,-t217m2on-s__7,visual,success,18.7,0.5,70,38,465,32,/root/HuaWeiCup/outputs/samples/-t217m2on-s__7/features.npz,visual_mask,/root/HuaWeiCup/dataset/-t217m2on-s/7.mp4
51,-tANM6ETl_M,3,-tANM6ETl_M__3,text,success,9.1,0.5,70,19,768,16,/root/HuaWeiCup/outputs/samples/-tANM6ETl_M__3/features.npz,text_mask,/root/HuaWeiCup/dataset/-tANM6ETl_M/3.mp4
51,-tANM6ETl_M,3,-tANM6ETl_M__3,audio,success,9.1,0.5,70,19,50,14,/root/HuaWeiCup/outputs/samples/-tANM6ETl_M__3/features.npz,audio_mask,/root/HuaWeiCup/dataset/-tANM6ETl_M/3.mp4
51,-tANM6ETl_M,3,-tANM6ETl_M__3,visual,success,9.1,0.5,70,19,465,13,/root/HuaWeiCup/outputs/samples/-tANM6ETl_M__3/features.npz,visual_mask,/root/HuaWeiCup/dataset/-tANM6ETl_M/3.mp4
52,-tPCytz4rww,11,-tPCytz4rww__11,text,success,8.0,0.5,70,16,768,14,/root/HuaWeiCup/outputs/samples/-tPCytz4rww__11/features.npz,text_mask,/root/HuaWeiCup/dataset/-tPCytz4rww/11.mp4
52,-tPCytz4rww,11,-tPCytz4rww__11,audio,success,8.0,0.5,70,16,50,11,/root/HuaWeiCup/outputs/samples/-tPCytz4rww__11/features.npz,audio_mask,/root/HuaWeiCup/dataset/-tPCytz4rww/11.mp4
52,-tPCytz4rww,11,-tPCytz4rww__11,visual,success,8.0,0.5,70,16,465,11,/root/HuaWeiCup/outputs/samples/-tPCytz4rww__11/features.npz,visual_mask,/root/HuaWeiCup/dataset/-tPCytz4rww/11.mp4
53,-tPCytz4rww,10,-tPCytz4rww__10,text,success,11.734,0.5,70,24,768,17,/root/HuaWeiCup/outputs/samples/-tPCytz4rww__10/features.npz,text_mask,/root/HuaWeiCup/dataset/-tPCytz4rww/10.mp4
53,-tPCytz4rww,10,-tPCytz4rww__10,audio,success,11.734,0.5,70,24,50,10,/root/HuaWeiCup/outputs/samples/-tPCytz4rww__10/features.npz,audio_mask,/root/HuaWeiCup/dataset/-tPCytz4rww/10.mp4
53,-tPCytz4rww,10,-tPCytz4rww__10,visual,success,11.734,0.5,70,24,465,10,/root/HuaWeiCup/outputs/samples/-tPCytz4rww__10/features.npz,visual_mask,/root/HuaWeiCup/dataset/-tPCytz4rww/10.mp4
54,-tPCytz4rww,12,-tPCytz4rww__12,text,success,18.767,0.5,70,38,768,33,/root/HuaWeiCup/outputs/samples/-tPCytz4rww__12/features.npz,text_mask,/root/HuaWeiCup/dataset/-tPCytz4rww/12.mp4
54,-tPCytz4rww,12,-tPCytz4rww__12,audio,success,18.767,0.5,70,38,50,24,/root/HuaWeiCup/outputs/samples/-tPCytz4rww__12/features.npz,audio_mask,/root/HuaWeiCup/dataset/-tPCytz4rww/12.mp4
54,-tPCytz4rww,12,-tPCytz4rww__12,visual,success,18.767,0.5,70,38,465,24,/root/HuaWeiCup/outputs/samples/-tPCytz4rww__12/features.npz,visual_mask,/root/HuaWeiCup/dataset/-tPCytz4rww/12.mp4
55,-tPCytz4rww,16,-tPCytz4rww__16,text,success,13.236,0.5,70,27,768,20,/root/HuaWeiCup/outputs/samples/-tPCytz4rww__16/features.npz,text_mask,/root/HuaWeiCup/dataset/-tPCytz4rww/16.mp4
55,-tPCytz4rww,16,-tPCytz4rww__16,audio,success,13.236,0.5,70,27,50,15,/root/HuaWeiCup/outputs/samples/-tPCytz4rww__16/features.npz,audio_mask,/root/HuaWeiCup/dataset/-tPCytz4rww/16.mp4
55,-tPCytz4rww,16,-tPCytz4rww__16,visual,success,13.236,0.5,70,27,465,14,/root/HuaWeiCup/outputs/samples/-tPCytz4rww__16/features.npz,visual_mask,/root/HuaWeiCup/dataset/-tPCytz4rww/16.mp4
56,-tPCytz4rww,18,-tPCytz4rww__18,text,success,14.281,0.5,70,29,768,23,/root/HuaWeiCup/outputs/samples/-tPCytz4rww__18/features.npz,text_mask,/root/HuaWeiCup/dataset/-tPCytz4rww/18.mp4
56,-tPCytz4rww,18,-tPCytz4rww__18,audio,success,14.281,0.5,70,29,50,14,/root/HuaWeiCup/outputs/samples/-tPCytz4rww__18/features.npz,audio_mask,/root/HuaWeiCup/dataset/-tPCytz4rww/18.mp4
56,-tPCytz4rww,18,-tPCytz4rww__18,visual,success,14.281,0.5,70,29,465,12,/root/HuaWeiCup/outputs/samples/-tPCytz4rww__18/features.npz,visual_mask,/root/HuaWeiCup/dataset/-tPCytz4rww/18.mp4
57,-vxjVxOeScU,4,-vxjVxOeScU__4,text,success,11.734,0.5,70,24,768,21,/root/HuaWeiCup/outputs/samples/-vxjVxOeScU__4/features.npz,text_mask,/root/HuaWeiCup/dataset/-vxjVxOeScU/4.mp4
57,-vxjVxOeScU,4,-vxjVxOeScU__4,audio,success,11.734,0.5,70,24,50,18,/root/HuaWeiCup/outputs/samples/-vxjVxOeScU__4/features.npz,audio_mask,/root/HuaWeiCup/dataset/-vxjVxOeScU/4.mp4
57,-vxjVxOeScU,4,-vxjVxOeScU__4,visual,success,11.734,0.5,70,24,465,16,/root/HuaWeiCup/outputs/samples/-vxjVxOeScU__4/features.npz,visual_mask,/root/HuaWeiCup/dataset/-vxjVxOeScU/4.mp4
58,-wMB_hJL-3o,7,-wMB_hJL-3o__7,text,success,7.315,0.5,70,15,768,13,/root/HuaWeiCup/outputs/samples/-wMB_hJL-3o__7/features.npz,text_mask,/root/HuaWeiCup/dataset/-wMB_hJL-3o/7.mp4
58,-wMB_hJL-3o,7,-wMB_hJL-3o__7,audio,success,7.315,0.5,70,15,50,12,/root/HuaWeiCup/outputs/samples/-wMB_hJL-3o__7/features.npz,audio_mask,/root/HuaWeiCup/dataset/-wMB_hJL-3o/7.mp4
58,-wMB_hJL-3o,7,-wMB_hJL-3o__7,visual,success,7.315,0.5,70,15,465,11,/root/HuaWeiCup/outputs/samples/-wMB_hJL-3o__7/features.npz,visual_mask,/root/HuaWeiCup/dataset/-wMB_hJL-3o/7.mp4
59,-wny0OAz3g8,1,-wny0OAz3g8__1,text,success,9.1,0.5,70,19,768,16,/root/HuaWeiCup/outputs/samples/-wny0OAz3g8__1/features.npz,text_mask,/root/HuaWeiCup/dataset/-wny0OAz3g8/1.mp4
59,-wny0OAz3g8,1,-wny0OAz3g8__1,audio,success,9.1,0.5,70,19,50,14,/root/HuaWeiCup/outputs/samples/-wny0OAz3g8__1/features.npz,audio_mask,/root/HuaWeiCup/dataset/-wny0OAz3g8/1.mp4
59,-wny0OAz3g8,1,-wny0OAz3g8__1,visual,success,9.1,0.5,70,19,465,14,/root/HuaWeiCup/outputs/samples/-wny0OAz3g8__1/features.npz,visual_mask,/root/HuaWeiCup/dataset/-wny0OAz3g8/1.mp4
60,-wny0OAz3g8,0,-wny0OAz3g8__0,text,success,3.334,0.5,70,7,768,6,/root/HuaWeiCup/outputs/samples/-wny0OAz3g8__0/features.npz,text_mask,/root/HuaWeiCup/dataset/-wny0OAz3g8/0.mp4
60,-wny0OAz3g8,0,-wny0OAz3g8__0,audio,success,3.334,0.5,70,7,50,7,/root/HuaWeiCup/outputs/samples/-wny0OAz3g8__0/features.npz,audio_mask,/root/HuaWeiCup/dataset/-wny0OAz3g8/0.mp4
60,-wny0OAz3g8,0,-wny0OAz3g8__0,visual,success,3.334,0.5,70,7,465,7,/root/HuaWeiCup/outputs/samples/-wny0OAz3g8__0/features.npz,visual_mask,/root/HuaWeiCup/dataset/-wny0OAz3g8/0.mp4
61,-wny0OAz3g8,3,-wny0OAz3g8__3,text,success,11.169,0.5,70,23,768,20,/root/HuaWeiCup/outputs/samples/-wny0OAz3g8__3/features.npz,text_mask,/root/HuaWeiCup/dataset/-wny0OAz3g8/3.mp4
61,-wny0OAz3g8,3,-wny0OAz3g8__3,audio,success,11.169,0.5,70,23,50,13,/root/HuaWeiCup/outputs/samples/-wny0OAz3g8__3/features.npz,audio_mask,/root/HuaWeiCup/dataset/-wny0OAz3g8/3.mp4
61,-wny0OAz3g8,3,-wny0OAz3g8__3,visual,success,11.169,0.5,70,23,465,12,/root/HuaWeiCup/outputs/samples/-wny0OAz3g8__3/features.npz,visual_mask,/root/HuaWeiCup/dataset/-wny0OAz3g8/3.mp4
62,-wny0OAz3g8,2,-wny0OAz3g8__2,text,success,11.934,0.5,70,24,768,22,/root/HuaWeiCup/outputs/samples/-wny0OAz3g8__2/features.npz,text_mask,/root/HuaWeiCup/dataset/-wny0OAz3g8/2.mp4
62,-wny0OAz3g8,2,-wny0OAz3g8__2,audio,success,11.934,0.5,70,24,50,13,/root/HuaWeiCup/outputs/samples/-wny0OAz3g8__2/features.npz,audio_mask,/root/HuaWeiCup/dataset/-wny0OAz3g8/2.mp4
62,-wny0OAz3g8,2,-wny0OAz3g8__2,visual,success,11.934,0.5,70,24,465,13,/root/HuaWeiCup/outputs/samples/-wny0OAz3g8__2/features.npz,visual_mask,/root/HuaWeiCup/dataset/-wny0OAz3g8/2.mp4
63,-wny0OAz3g8,5,-wny0OAz3g8__5,text,success,9.967,0.5,70,20,768,18,/root/HuaWeiCup/outputs/samples/-wny0OAz3g8__5/features.npz,text_mask,/root/HuaWeiCup/dataset/-wny0OAz3g8/5.mp4
63,-wny0OAz3g8,5,-wny0OAz3g8__5,audio,success,9.967,0.5,70,20,50,14,/root/HuaWeiCup/outputs/samples/-wny0OAz3g8__5/features.npz,audio_mask,/root/HuaWeiCup/dataset/-wny0OAz3g8/5.mp4
63,-wny0OAz3g8,5,-wny0OAz3g8__5,visual,success,9.967,0.5,70,20,465,13,/root/HuaWeiCup/outputs/samples/-wny0OAz3g8__5/features.npz,visual_mask,/root/HuaWeiCup/dataset/-wny0OAz3g8/5.mp4
64,-wny0OAz3g8,7,-wny0OAz3g8__7,text,success,9.5,0.5,70,19,768,18,/root/HuaWeiCup/outputs/samples/-wny0OAz3g8__7/features.npz,text_mask,/root/HuaWeiCup/dataset/-wny0OAz3g8/7.mp4
64,-wny0OAz3g8,7,-wny0OAz3g8__7,audio,success,9.5,0.5,70,19,50,16,/root/HuaWeiCup/outputs/samples/-wny0OAz3g8__7/features.npz,audio_mask,/root/HuaWeiCup/dataset/-wny0OAz3g8/7.mp4
64,-wny0OAz3g8,7,-wny0OAz3g8__7,visual,success,9.5,0.5,70,19,465,16,/root/HuaWeiCup/outputs/samples/-wny0OAz3g8__7/features.npz,visual_mask,/root/HuaWeiCup/dataset/-wny0OAz3g8/7.mp4
65,-wny0OAz3g8,9,-wny0OAz3g8__9,text,success,9.867,0.5,70,20,768,19,/root/HuaWeiCup/outputs/samples/-wny0OAz3g8__9/features.npz,text_mask,/root/HuaWeiCup/dataset/-wny0OAz3g8/9.mp4
65,-wny0OAz3g8,9,-wny0OAz3g8__9,audio,success,9.867,0.5,70,20,50,12,/root/HuaWeiCup/outputs/samples/-wny0OAz3g8__9/features.npz,audio_mask,/root/HuaWeiCup/dataset/-wny0OAz3g8/9.mp4
65,-wny0OAz3g8,9,-wny0OAz3g8__9,visual,success,9.867,0.5,70,20,465,12,/root/HuaWeiCup/outputs/samples/-wny0OAz3g8__9/features.npz,visual_mask,/root/HuaWeiCup/dataset/-wny0OAz3g8/9.mp4
66,-571d8cVauQ,0,-571d8cVauQ__0,text,success,5.167,0.5,70,11,768,8,/root/HuaWeiCup/outputs/samples/-571d8cVauQ__0/features.npz,text_mask,/root/HuaWeiCup/dataset/-571d8cVauQ/0.mp4
66,-571d8cVauQ,0,-571d8cVauQ__0,audio,success,5.167,0.5,70,11,50,9,/root/HuaWeiCup/outputs/samples/-571d8cVauQ__0/features.npz,audio_mask,/root/HuaWeiCup/dataset/-571d8cVauQ/0.mp4
66,-571d8cVauQ,0,-571d8cVauQ__0,visual,success,5.167,0.5,70,11,465,9,/root/HuaWeiCup/outputs/samples/-571d8cVauQ__0/features.npz,visual_mask,/root/HuaWeiCup/dataset/-571d8cVauQ/0.mp4
67,-571d8cVauQ,5,-571d8cVauQ__5,text,success,18.5,0.5,70,37,768,33,/root/HuaWeiCup/outputs/samples/-571d8cVauQ__5/features.npz,text_mask,/root/HuaWeiCup/dataset/-571d8cVauQ/5.mp4
67,-571d8cVauQ,5,-571d8cVauQ__5,audio,success,18.5,0.5,70,37,50,31,/root/HuaWeiCup/outputs/samples/-571d8cVauQ__5/features.npz,audio_mask,/root/HuaWeiCup/dataset/-571d8cVauQ/5.mp4
67,-571d8cVauQ,5,-571d8cVauQ__5,visual,success,18.5,0.5,70,37,465,31,/root/HuaWeiCup/outputs/samples/-571d8cVauQ__5/features.npz,visual_mask,/root/HuaWeiCup/dataset/-571d8cVauQ/5.mp4
68,-I_e4mIh0yE,1,-I_e4mIh0yE__1,text,success,10.767,0.5,70,22,768,17,/root/HuaWeiCup/outputs/samples/-I_e4mIh0yE__1/features.npz,text_mask,/root/HuaWeiCup/dataset/-I_e4mIh0yE/1.mp4
68,-I_e4mIh0yE,1,-I_e4mIh0yE__1,audio,success,10.767,0.5,70,22,50,15,/root/HuaWeiCup/outputs/samples/-I_e4mIh0yE__1/features.npz,audio_mask,/root/HuaWeiCup/dataset/-I_e4mIh0yE/1.mp4
68,-I_e4mIh0yE,1,-I_e4mIh0yE__1,visual,success,10.767,0.5,70,22,465,15,/root/HuaWeiCup/outputs/samples/-I_e4mIh0yE__1/features.npz,visual_mask,/root/HuaWeiCup/dataset/-I_e4mIh0yE/1.mp4
69,-I_e4mIh0yE,3,-I_e4mIh0yE__3,text,success,9.3,0.5,70,19,768,16,/root/HuaWeiCup/outputs/samples/-I_e4mIh0yE__3/features.npz,text_mask,/root/HuaWeiCup/dataset/-I_e4mIh0yE/3.mp4
69,-I_e4mIh0yE,3,-I_e4mIh0yE__3,audio,success,9.3,0.5,70,19,50,18,/root/HuaWeiCup/outputs/samples/-I_e4mIh0yE__3/features.npz,audio_mask,/root/HuaWeiCup/dataset/-I_e4mIh0yE/3.mp4
69,-I_e4mIh0yE,3,-I_e4mIh0yE__3,visual,success,9.3,0.5,70,19,465,18,/root/HuaWeiCup/outputs/samples/-I_e4mIh0yE__3/features.npz,visual_mask,/root/HuaWeiCup/dataset/-I_e4mIh0yE/3.mp4
70,-UacrmKiTn4,10,-UacrmKiTn4__10,text,success,12.634,0.5,70,26,768,21,/root/HuaWeiCup/outputs/samples/-UacrmKiTn4__10/features.npz,text_mask,/root/HuaWeiCup/dataset/-UacrmKiTn4/10.mp4
70,-UacrmKiTn4,10,-UacrmKiTn4__10,audio,success,12.634,0.5,70,26,50,14,/root/HuaWeiCup/outputs/samples/-UacrmKiTn4__10/features.npz,audio_mask,/root/HuaWeiCup/dataset/-UacrmKiTn4/10.mp4
70,-UacrmKiTn4,10,-UacrmKiTn4__10,visual,success,12.634,0.5,70,26,465,15,/root/HuaWeiCup/outputs/samples/-UacrmKiTn4__10/features.npz,visual_mask,/root/HuaWeiCup/dataset/-UacrmKiTn4/10.mp4
71,-UacrmKiTn4,4,-UacrmKiTn4__4,text,success,6.223,0.5,70,13,768,10,/root/HuaWeiCup/outputs/samples/-UacrmKiTn4__4/features.npz,text_mask,/root/HuaWeiCup/dataset/-UacrmKiTn4/4.mp4
71,-UacrmKiTn4,4,-UacrmKiTn4__4,audio,success,6.223,0.5,70,13,50,10,/root/HuaWeiCup/outputs/samples/-UacrmKiTn4__4/features.npz,audio_mask,/root/HuaWeiCup/dataset/-UacrmKiTn4/4.mp4
71,-UacrmKiTn4,4,-UacrmKiTn4__4,visual,success,6.223,0.5,70,13,465,9,/root/HuaWeiCup/outputs/samples/-UacrmKiTn4__4/features.npz,visual_mask,/root/HuaWeiCup/dataset/-UacrmKiTn4/4.mp4
72,-hnBHBN8p5A,7,-hnBHBN8p5A__7,text,success,9.176,0.5,70,19,768,10,/root/HuaWeiCup/outputs/samples/-hnBHBN8p5A__7/features.npz,text_mask,/root/HuaWeiCup/dataset/-hnBHBN8p5A/7.mp4
72,-hnBHBN8p5A,7,-hnBHBN8p5A__7,audio,success,9.176,0.5,70,19,50,15,/root/HuaWeiCup/outputs/samples/-hnBHBN8p5A__7/features.npz,audio_mask,/root/HuaWeiCup/dataset/-hnBHBN8p5A/7.mp4
72,-hnBHBN8p5A,7,-hnBHBN8p5A__7,visual,success,9.176,0.5,70,19,465,11,/root/HuaWeiCup/outputs/samples/-hnBHBN8p5A__7/features.npz,visual_mask,/root/HuaWeiCup/dataset/-hnBHBN8p5A/7.mp4
73,-hnBHBN8p5A,6,-hnBHBN8p5A__6,text,success,11.429,0.5,70,23,768,13,/root/HuaWeiCup/outputs/samples/-hnBHBN8p5A__6/features.npz,text_mask,/root/HuaWeiCup/dataset/-hnBHBN8p5A/6.mp4
73,-hnBHBN8p5A,6,-hnBHBN8p5A__6,audio,success,11.429,0.5,70,23,50,13,/root/HuaWeiCup/outputs/samples/-hnBHBN8p5A__6/features.npz,audio_mask,/root/HuaWeiCup/dataset/-hnBHBN8p5A/6.mp4
73,-hnBHBN8p5A,6,-hnBHBN8p5A__6,visual,success,11.429,0.5,70,23,465,6,/root/HuaWeiCup/outputs/samples/-hnBHBN8p5A__6/features.npz,visual_mask,/root/HuaWeiCup/dataset/-hnBHBN8p5A/6.mp4
74,-qDkUB0GgYY,6,-qDkUB0GgYY__6,text,success,9.683,0.5,70,20,768,15,/root/HuaWeiCup/outputs/samples/-qDkUB0GgYY__6/features.npz,text_mask,/root/HuaWeiCup/dataset/-qDkUB0GgYY/6.mp4
74,-qDkUB0GgYY,6,-qDkUB0GgYY__6,audio,success,9.683,0.5,70,20,50,10,/root/HuaWeiCup/outputs/samples/-qDkUB0GgYY__6/features.npz,audio_mask,/root/HuaWeiCup/dataset/-qDkUB0GgYY/6.mp4
74,-qDkUB0GgYY,6,-qDkUB0GgYY__6,visual,success,9.683,0.5,70,20,465,9,/root/HuaWeiCup/outputs/samples/-qDkUB0GgYY__6/features.npz,visual_mask,/root/HuaWeiCup/dataset/-qDkUB0GgYY/6.mp4
75,-uywlfIYOS8,4,-uywlfIYOS8__4,text,success,14.334,0.5,70,29,768,26,/root/HuaWeiCup/outputs/samples/-uywlfIYOS8__4/features.npz,text_mask,/root/HuaWeiCup/dataset/-uywlfIYOS8/4.mp4
75,-uywlfIYOS8,4,-uywlfIYOS8__4,audio,success,14.334,0.5,70,29,50,12,/root/HuaWeiCup/outputs/samples/-uywlfIYOS8__4/features.npz,audio_mask,/root/HuaWeiCup/dataset/-uywlfIYOS8/4.mp4
75,-uywlfIYOS8,4,-uywlfIYOS8__4,visual,success,14.334,0.5,70,29,465,12,/root/HuaWeiCup/outputs/samples/-uywlfIYOS8__4/features.npz,visual_mask,/root/HuaWeiCup/dataset/-uywlfIYOS8/4.mp4
76,-6rXp3zJ3kc,8,-6rXp3zJ3kc__8,text,success,16.58,0.5,70,34,768,28,/root/HuaWeiCup/outputs/samples/-6rXp3zJ3kc__8/features.npz,text_mask,/root/HuaWeiCup/dataset/-6rXp3zJ3kc/8.mp4
76,-6rXp3zJ3kc,8,-6rXp3zJ3kc__8,audio,success,16.58,0.5,70,34,50,26,/root/HuaWeiCup/outputs/samples/-6rXp3zJ3kc__8/features.npz,audio_mask,/root/HuaWeiCup/dataset/-6rXp3zJ3kc/8.mp4
76,-6rXp3zJ3kc,8,-6rXp3zJ3kc__8,visual,success,16.58,0.5,70,34,465,24,/root/HuaWeiCup/outputs/samples/-6rXp3zJ3kc__8/features.npz,visual_mask,/root/HuaWeiCup/dataset/-6rXp3zJ3kc/8.mp4
77,-9y-fZ3swSY,0,-9y-fZ3swSY__0,text,success,6.9,0.5,70,14,768,12,/root/HuaWeiCup/outputs/samples/-9y-fZ3swSY__0/features.npz,text_mask,/root/HuaWeiCup/dataset/-9y-fZ3swSY/0.mp4
77,-9y-fZ3swSY,0,-9y-fZ3swSY__0,audio,success,6.9,0.5,70,14,50,14,/root/HuaWeiCup/outputs/samples/-9y-fZ3swSY__0/features.npz,audio_mask,/root/HuaWeiCup/dataset/-9y-fZ3swSY/0.mp4
77,-9y-fZ3swSY,0,-9y-fZ3swSY__0,visual,success,6.9,0.5,70,14,465,13,/root/HuaWeiCup/outputs/samples/-9y-fZ3swSY__0/features.npz,visual_mask,/root/HuaWeiCup/dataset/-9y-fZ3swSY/0.mp4
78,-9y-fZ3swSY,4,-9y-fZ3swSY__4,text,success,9.334,0.5,70,19,768,16,/root/HuaWeiCup/outputs/samples/-9y-fZ3swSY__4/features.npz,text_mask,/root/HuaWeiCup/dataset/-9y-fZ3swSY/4.mp4
78,-9y-fZ3swSY,4,-9y-fZ3swSY__4,audio,success,9.334,0.5,70,19,50,6,/root/HuaWeiCup/outputs/samples/-9y-fZ3swSY__4/features.npz,audio_mask,/root/HuaWeiCup/dataset/-9y-fZ3swSY/4.mp4
78,-9y-fZ3swSY,4,-9y-fZ3swSY__4,visual,success,9.334,0.5,70,19,465,6,/root/HuaWeiCup/outputs/samples/-9y-fZ3swSY__4/features.npz,visual_mask,/root/HuaWeiCup/dataset/-9y-fZ3swSY/4.mp4
79,-9y-fZ3swSY,8,-9y-fZ3swSY__8,text,success,10.775,0.5,70,22,768,18,/root/HuaWeiCup/outputs/samples/-9y-fZ3swSY__8/features.npz,text_mask,/root/HuaWeiCup/dataset/-9y-fZ3swSY/8.mp4
79,-9y-fZ3swSY,8,-9y-fZ3swSY__8,audio,success,10.775,0.5,70,22,50,10,/root/HuaWeiCup/outputs/samples/-9y-fZ3swSY__8/features.npz,audio_mask,/root/HuaWeiCup/dataset/-9y-fZ3swSY/8.mp4
79,-9y-fZ3swSY,8,-9y-fZ3swSY__8,visual,success,10.775,0.5,70,22,465,10,/root/HuaWeiCup/outputs/samples/-9y-fZ3swSY__8/features.npz,visual_mask,/root/HuaWeiCup/dataset/-9y-fZ3swSY/8.mp4
80,-AUZQgSxyPQ,2,-AUZQgSxyPQ__2,text,success,27.3,0.5,70,55,768,51,/root/HuaWeiCup/outputs/samples/-AUZQgSxyPQ__2/features.npz,text_mask,/root/HuaWeiCup/dataset/-AUZQgSxyPQ/2.mp4
80,-AUZQgSxyPQ,2,-AUZQgSxyPQ__2,audio,success,27.3,0.5,70,55,50,45,/root/HuaWeiCup/outputs/samples/-AUZQgSxyPQ__2/features.npz,audio_mask,/root/HuaWeiCup/dataset/-AUZQgSxyPQ/2.mp4
80,-AUZQgSxyPQ,2,-AUZQgSxyPQ__2,visual,success,27.3,0.5,70,55,465,45,/root/HuaWeiCup/outputs/samples/-AUZQgSxyPQ__2/features.npz,visual_mask,/root/HuaWeiCup/dataset/-AUZQgSxyPQ/2.mp4
81,-HeZS2-Prhc,2,-HeZS2-Prhc__2,text,success,15.834,0.5,70,32,768,24,/root/HuaWeiCup/outputs/samples/-HeZS2-Prhc__2/features.npz,text_mask,/root/HuaWeiCup/dataset/-HeZS2-Prhc/2.mp4
81,-HeZS2-Prhc,2,-HeZS2-Prhc__2,audio,success,15.834,0.5,70,32,50,17,/root/HuaWeiCup/outputs/samples/-HeZS2-Prhc__2/features.npz,audio_mask,/root/HuaWeiCup/dataset/-HeZS2-Prhc/2.mp4
81,-HeZS2-Prhc,2,-HeZS2-Prhc__2,visual,success,15.834,0.5,70,32,465,16,/root/HuaWeiCup/outputs/samples/-HeZS2-Prhc__2/features.npz,visual_mask,/root/HuaWeiCup/dataset/-HeZS2-Prhc/2.mp4
82,-MeTTeMJBNc,0,-MeTTeMJBNc__0,text,success,9.334,0.5,70,19,768,16,/root/HuaWeiCup/outputs/samples/-MeTTeMJBNc__0/features.npz,text_mask,/root/HuaWeiCup/dataset/-MeTTeMJBNc/0.mp4
82,-MeTTeMJBNc,0,-MeTTeMJBNc__0,audio,success,9.334,0.5,70,19,50,19,/root/HuaWeiCup/outputs/samples/-MeTTeMJBNc__0/features.npz,audio_mask,/root/HuaWeiCup/dataset/-MeTTeMJBNc/0.mp4
82,-MeTTeMJBNc,0,-MeTTeMJBNc__0,visual,success,9.334,0.5,70,19,465,17,/root/HuaWeiCup/outputs/samples/-MeTTeMJBNc__0/features.npz,visual_mask,/root/HuaWeiCup/dataset/-MeTTeMJBNc/0.mp4
83,-MeTTeMJBNc,13,-MeTTeMJBNc__13,text,success,7.467,0.5,70,15,768,13,/root/HuaWeiCup/outputs/samples/-MeTTeMJBNc__13/features.npz,text_mask,/root/HuaWeiCup/dataset/-MeTTeMJBNc/13.mp4
83,-MeTTeMJBNc,13,-MeTTeMJBNc__13,audio,success,7.467,0.5,70,15,50,10,/root/HuaWeiCup/outputs/samples/-MeTTeMJBNc__13/features.npz,audio_mask,/root/HuaWeiCup/dataset/-MeTTeMJBNc/13.mp4
83,-MeTTeMJBNc,13,-MeTTeMJBNc__13,visual,success,7.467,0.5,70,15,465,11,/root/HuaWeiCup/outputs/samples/-MeTTeMJBNc__13/features.npz,visual_mask,/root/HuaWeiCup/dataset/-MeTTeMJBNc/13.mp4
84,-MeTTeMJBNc,7,-MeTTeMJBNc__7,text,success,17.367,0.5,70,35,768,31,/root/HuaWeiCup/outputs/samples/-MeTTeMJBNc__7/features.npz,text_mask,/root/HuaWeiCup/dataset/-MeTTeMJBNc/7.mp4
84,-MeTTeMJBNc,7,-MeTTeMJBNc__7,audio,success,17.367,0.5,70,35,50,21,/root/HuaWeiCup/outputs/samples/-MeTTeMJBNc__7/features.npz,audio_mask,/root/HuaWeiCup/dataset/-MeTTeMJBNc/7.mp4
84,-MeTTeMJBNc,7,-MeTTeMJBNc__7,visual,success,17.367,0.5,70,35,465,19,/root/HuaWeiCup/outputs/samples/-MeTTeMJBNc__7/features.npz,visual_mask,/root/HuaWeiCup/dataset/-MeTTeMJBNc/7.mp4
85,-RfYyzHpjk4,11,-RfYyzHpjk4__11,text,success,11.7,0.5,70,24,768,19,/root/HuaWeiCup/outputs/samples/-RfYyzHpjk4__11/features.npz,text_mask,/root/HuaWeiCup/dataset/-RfYyzHpjk4/11.mp4
85,-RfYyzHpjk4,11,-RfYyzHpjk4__11,audio,success,11.7,0.5,70,24,50,10,/root/HuaWeiCup/outputs/samples/-RfYyzHpjk4__11/features.npz,audio_mask,/root/HuaWeiCup/dataset/-RfYyzHpjk4/11.mp4
85,-RfYyzHpjk4,11,-RfYyzHpjk4__11,visual,success,11.7,0.5,70,24,465,10,/root/HuaWeiCup/outputs/samples/-RfYyzHpjk4__11/features.npz,visual_mask,/root/HuaWeiCup/dataset/-RfYyzHpjk4/11.mp4
86,-RfYyzHpjk4,8,-RfYyzHpjk4__8,text,success,11.657,0.5,70,24,768,19,/root/HuaWeiCup/outputs/samples/-RfYyzHpjk4__8/features.npz,text_mask,/root/HuaWeiCup/dataset/-RfYyzHpjk4/8.mp4
86,-RfYyzHpjk4,8,-RfYyzHpjk4__8,audio,success,11.657,0.5,70,24,50,9,/root/HuaWeiCup/outputs/samples/-RfYyzHpjk4__8/features.npz,audio_mask,/root/HuaWeiCup/dataset/-RfYyzHpjk4/8.mp4
86,-RfYyzHpjk4,8,-RfYyzHpjk4__8,visual,success,11.657,0.5,70,24,465,8,/root/HuaWeiCup/outputs/samples/-RfYyzHpjk4__8/features.npz,visual_mask,/root/HuaWeiCup/dataset/-RfYyzHpjk4/8.mp4
87,-RfYyzHpjk4,2,-RfYyzHpjk4__2,text,success,6.234,0.5,70,13,768,11,/root/HuaWeiCup/outputs/samples/-RfYyzHpjk4__2/features.npz,text_mask,/root/HuaWeiCup/dataset/-RfYyzHpjk4/2.mp4
87,-RfYyzHpjk4,2,-RfYyzHpjk4__2,audio,success,6.234,0.5,70,13,50,10,/root/HuaWeiCup/outputs/samples/-RfYyzHpjk4__2/features.npz,audio_mask,/root/HuaWeiCup/dataset/-RfYyzHpjk4/2.mp4
87,-RfYyzHpjk4,2,-RfYyzHpjk4__2,visual,success,6.234,0.5,70,13,465,11,/root/HuaWeiCup/outputs/samples/-RfYyzHpjk4__2/features.npz,visual_mask,/root/HuaWeiCup/dataset/-RfYyzHpjk4/2.mp4
88,-UUCSKoHeMA,0,-UUCSKoHeMA__0,text,success,7.867,0.5,70,16,768,13,/root/HuaWeiCup/outputs/samples/-UUCSKoHeMA__0/features.npz,text_mask,/root/HuaWeiCup/dataset/-UUCSKoHeMA/0.mp4
88,-UUCSKoHeMA,0,-UUCSKoHeMA__0,audio,success,7.867,0.5,70,16,50,15,/root/HuaWeiCup/outputs/samples/-UUCSKoHeMA__0/features.npz,audio_mask,/root/HuaWeiCup/dataset/-UUCSKoHeMA/0.mp4
88,-UUCSKoHeMA,0,-UUCSKoHeMA__0,visual,success,7.867,0.5,70,16,465,15,/root/HuaWeiCup/outputs/samples/-UUCSKoHeMA__0/features.npz,visual_mask,/root/HuaWeiCup/dataset/-UUCSKoHeMA/0.mp4
89,-ri04Z7vwnc,0,-ri04Z7vwnc__0,text,success,3.295,0.5,70,7,768,5,/root/HuaWeiCup/outputs/samples/-ri04Z7vwnc__0/features.npz,text_mask,/root/HuaWeiCup/dataset/-ri04Z7vwnc/0.mp4
89,-ri04Z7vwnc,0,-ri04Z7vwnc__0,audio,success,3.295,0.5,70,7,50,6,/root/HuaWeiCup/outputs/samples/-ri04Z7vwnc__0/features.npz,audio_mask,/root/HuaWeiCup/dataset/-ri04Z7vwnc/0.mp4
89,-ri04Z7vwnc,0,-ri04Z7vwnc__0,visual,success,3.295,0.5,70,7,465,0,/root/HuaWeiCup/outputs/samples/-ri04Z7vwnc__0/features.npz,visual_mask,/root/HuaWeiCup/dataset/-ri04Z7vwnc/0.mp4
90,-ri04Z7vwnc,2,-ri04Z7vwnc__2,text,success,6.966,0.5,70,14,768,14,/root/HuaWeiCup/outputs/samples/-ri04Z7vwnc__2/features.npz,text_mask,/root/HuaWeiCup/dataset/-ri04Z7vwnc/2.mp4
90,-ri04Z7vwnc,2,-ri04Z7vwnc__2,audio,success,6.966,0.5,70,14,50,12,/root/HuaWeiCup/outputs/samples/-ri04Z7vwnc__2/features.npz,audio_mask,/root/HuaWeiCup/dataset/-ri04Z7vwnc/2.mp4
90,-ri04Z7vwnc,2,-ri04Z7vwnc__2,visual,success,6.966,0.5,70,14,465,0,/root/HuaWeiCup/outputs/samples/-ri04Z7vwnc__2/features.npz,visual_mask,/root/HuaWeiCup/dataset/-ri04Z7vwnc/2.mp4
91,-ri04Z7vwnc,5,-ri04Z7vwnc__5,text,success,5.965,0.5,70,12,768,5,/root/HuaWeiCup/outputs/samples/-ri04Z7vwnc__5/features.npz,text_mask,/root/HuaWeiCup/dataset/-ri04Z7vwnc/5.mp4
91,-ri04Z7vwnc,5,-ri04Z7vwnc__5,audio,success,5.965,0.5,70,12,50,7,/root/HuaWeiCup/outputs/samples/-ri04Z7vwnc__5/features.npz,audio_mask,/root/HuaWeiCup/dataset/-ri04Z7vwnc/5.mp4
91,-ri04Z7vwnc,5,-ri04Z7vwnc__5,visual,success,5.965,0.5,70,12,465,7,/root/HuaWeiCup/outputs/samples/-ri04Z7vwnc__5/features.npz,visual_mask,/root/HuaWeiCup/dataset/-ri04Z7vwnc/5.mp4
92,-s9qJ7ATP7w,1,-s9qJ7ATP7w__1,text,success,10.9,0.5,70,22,768,14,/root/HuaWeiCup/outputs/samples/-s9qJ7ATP7w__1/features.npz,text_mask,/root/HuaWeiCup/dataset/-s9qJ7ATP7w/1.mp4
92,-s9qJ7ATP7w,1,-s9qJ7ATP7w__1,audio,success,10.9,0.5,70,22,50,10,/root/HuaWeiCup/outputs/samples/-s9qJ7ATP7w__1/features.npz,audio_mask,/root/HuaWeiCup/dataset/-s9qJ7ATP7w/1.mp4
92,-s9qJ7ATP7w,1,-s9qJ7ATP7w__1,visual,success,10.9,0.5,70,22,465,10,/root/HuaWeiCup/outputs/samples/-s9qJ7ATP7w__1/features.npz,visual_mask,/root/HuaWeiCup/dataset/-s9qJ7ATP7w/1.mp4
93,-s9qJ7ATP7w,0,-s9qJ7ATP7w__0,text,success,6.867,0.5,70,14,768,13,/root/HuaWeiCup/outputs/samples/-s9qJ7ATP7w__0/features.npz,text_mask,/root/HuaWeiCup/dataset/-s9qJ7ATP7w/0.mp4
93,-s9qJ7ATP7w,0,-s9qJ7ATP7w__0,audio,success,6.867,0.5,70,14,50,14,/root/HuaWeiCup/outputs/samples/-s9qJ7ATP7w__0/features.npz,audio_mask,/root/HuaWeiCup/dataset/-s9qJ7ATP7w/0.mp4
93,-s9qJ7ATP7w,0,-s9qJ7ATP7w__0,visual,success,6.867,0.5,70,14,465,14,/root/HuaWeiCup/outputs/samples/-s9qJ7ATP7w__0/features.npz,visual_mask,/root/HuaWeiCup/dataset/-s9qJ7ATP7w/0.mp4
94,-s9qJ7ATP7w,5,-s9qJ7ATP7w__5,text,success,13.567,0.5,70,28,768,23,/root/HuaWeiCup/outputs/samples/-s9qJ7ATP7w__5/features.npz,text_mask,/root/HuaWeiCup/dataset/-s9qJ7ATP7w/5.mp4
94,-s9qJ7ATP7w,5,-s9qJ7ATP7w__5,audio,success,13.567,0.5,70,28,50,17,/root/HuaWeiCup/outputs/samples/-s9qJ7ATP7w__5/features.npz,audio_mask,/root/HuaWeiCup/dataset/-s9qJ7ATP7w/5.mp4
94,-s9qJ7ATP7w,5,-s9qJ7ATP7w__5,visual,success,13.567,0.5,70,28,465,17,/root/HuaWeiCup/outputs/samples/-s9qJ7ATP7w__5/features.npz,visual_mask,/root/HuaWeiCup/dataset/-s9qJ7ATP7w/5.mp4
95,-s9qJ7ATP7w,4,-s9qJ7ATP7w__4,text,success,6.2,0.5,70,13,768,10,/root/HuaWeiCup/outputs/samples/-s9qJ7ATP7w__4/features.npz,text_mask,/root/HuaWeiCup/dataset/-s9qJ7ATP7w/4.mp4
95,-s9qJ7ATP7w,4,-s9qJ7ATP7w__4,audio,success,6.2,0.5,70,13,50,9,/root/HuaWeiCup/outputs/samples/-s9qJ7ATP7w__4/features.npz,audio_mask,/root/HuaWeiCup/dataset/-s9qJ7ATP7w/4.mp4
95,-s9qJ7ATP7w,4,-s9qJ7ATP7w__4,visual,success,6.2,0.5,70,13,465,7,/root/HuaWeiCup/outputs/samples/-s9qJ7ATP7w__4/features.npz,visual_mask,/root/HuaWeiCup/dataset/-s9qJ7ATP7w/4.mp4
96,-s9qJ7ATP7w,7,-s9qJ7ATP7w__7,text,success,12.767,0.5,70,26,768,20,/root/HuaWeiCup/outputs/samples/-s9qJ7ATP7w__7/features.npz,text_mask,/root/HuaWeiCup/dataset/-s9qJ7ATP7w/7.mp4
96,-s9qJ7ATP7w,7,-s9qJ7ATP7w__7,audio,success,12.767,0.5,70,26,50,14,/root/HuaWeiCup/outputs/samples/-s9qJ7ATP7w__7/features.npz,audio_mask,/root/HuaWeiCup/dataset/-s9qJ7ATP7w/7.mp4
96,-s9qJ7ATP7w,7,-s9qJ7ATP7w__7,visual,success,12.767,0.5,70,26,465,10,/root/HuaWeiCup/outputs/samples/-s9qJ7ATP7w__7/features.npz,visual_mask,/root/HuaWeiCup/dataset/-s9qJ7ATP7w/7.mp4
97,-s9qJ7ATP7w,6,-s9qJ7ATP7w__6,text,success,6.6,0.5,70,14,768,6,/root/HuaWeiCup/outputs/samples/-s9qJ7ATP7w__6/features.npz,text_mask,/root/HuaWeiCup/dataset/-s9qJ7ATP7w/6.mp4
97,-s9qJ7ATP7w,6,-s9qJ7ATP7w__6,audio,success,6.6,0.5,70,14,50,5,/root/HuaWeiCup/outputs/samples/-s9qJ7ATP7w__6/features.npz,audio_mask,/root/HuaWeiCup/dataset/-s9qJ7ATP7w/6.mp4
97,-s9qJ7ATP7w,6,-s9qJ7ATP7w__6,visual,success,6.6,0.5,70,14,465,4,/root/HuaWeiCup/outputs/samples/-s9qJ7ATP7w__6/features.npz,visual_mask,/root/HuaWeiCup/dataset/-s9qJ7ATP7w/6.mp4
98,-s9qJ7ATP7w,8,-s9qJ7ATP7w__8,text,success,6.6,0.5,70,14,768,10,/root/HuaWeiCup/outputs/samples/-s9qJ7ATP7w__8/features.npz,text_mask,/root/HuaWeiCup/dataset/-s9qJ7ATP7w/8.mp4
98,-s9qJ7ATP7w,8,-s9qJ7ATP7w__8,audio,success,6.6,0.5,70,14,50,7,/root/HuaWeiCup/outputs/samples/-s9qJ7ATP7w__8/features.npz,audio_mask,/root/HuaWeiCup/dataset/-s9qJ7ATP7w/8.mp4
98,-s9qJ7ATP7w,8,-s9qJ7ATP7w__8,visual,success,6.6,0.5,70,14,465,7,/root/HuaWeiCup/outputs/samples/-s9qJ7ATP7w__8/features.npz,visual_mask,/root/HuaWeiCup/dataset/-s9qJ7ATP7w/8.mp4
99,-yRb-Jum7EQ,1,-yRb-Jum7EQ__1,text,success,34.567,0.5,70,70,768,61,/root/HuaWeiCup/outputs/samples/-yRb-Jum7EQ__1/features.npz,text_mask,/root/HuaWeiCup/dataset/-yRb-Jum7EQ/1.mp4
99,-yRb-Jum7EQ,1,-yRb-Jum7EQ__1,audio,success,34.567,0.5,70,70,50,52,/root/HuaWeiCup/outputs/samples/-yRb-Jum7EQ__1/features.npz,audio_mask,/root/HuaWeiCup/dataset/-yRb-Jum7EQ/1.mp4
99,-yRb-Jum7EQ,1,-yRb-Jum7EQ__1,visual,success,34.567,0.5,70,70,465,55,/root/HuaWeiCup/outputs/samples/-yRb-Jum7EQ__1/features.npz,visual_mask,/root/HuaWeiCup/dataset/-yRb-Jum7EQ/1.mp4
100,-yRb-Jum7EQ,5,-yRb-Jum7EQ__5,text,success,13.634,0.5,70,28,768,25,/root/HuaWeiCup/outputs/samples/-yRb-Jum7EQ__5/features.npz,text_mask,/root/HuaWeiCup/dataset/-yRb-Jum7EQ/5.mp4
100,-yRb-Jum7EQ,5,-yRb-Jum7EQ__5,audio,success,13.634,0.5,70,28,50,25,/root/HuaWeiCup/outputs/samples/-yRb-Jum7EQ__5/features.npz,audio_mask,/root/HuaWeiCup/dataset/-yRb-Jum7EQ/5.mp4
100,-yRb-Jum7EQ,5,-yRb-Jum7EQ__5,visual,success,13.634,0.5,70,28,465,25,/root/HuaWeiCup/outputs/samples/-yRb-Jum7EQ__5/features.npz,visual_mask,/root/HuaWeiCup/dataset/-yRb-Jum7EQ/5.mp4
101,-yRb-Jum7EQ,6,-yRb-Jum7EQ__6,text,success,15.488,0.5,70,31,768,25,/root/HuaWeiCup/outputs/samples/-yRb-Jum7EQ__6/features.npz,text_mask,/root/HuaWeiCup/dataset/-yRb-Jum7EQ/6.mp4
101,-yRb-Jum7EQ,6,-yRb-Jum7EQ__6,audio,success,15.488,0.5,70,31,50,20,/root/HuaWeiCup/outputs/samples/-yRb-Jum7EQ__6/features.npz,audio_mask,/root/HuaWeiCup/dataset/-yRb-Jum7EQ/6.mp4
101,-yRb-Jum7EQ,6,-yRb-Jum7EQ__6,visual,success,15.488,0.5,70,31,465,21,/root/HuaWeiCup/outputs/samples/-yRb-Jum7EQ__6/features.npz,visual_mask,/root/HuaWeiCup/dataset/-yRb-Jum7EQ/6.mp4
