source_row,video_id,clip_id,sample_key,video_path,intensity,polarity,status,duration_seconds,alignment_granularity_seconds,max_windows,valid_length,text_dim,audio_dim,visual_dim,text_valid_windows,audio_valid_windows,visual_valid_windows,warnings,errors
2,-3g5yACwYnA,13,-3g5yACwYnA__13,/root/HuaWeiCup/dataset/-3g5yACwYnA/13.mp4,0.6666666865348816,Positive,success,8.767,0.5,70,18,768,50,465,12,10,11,[],[]
3,-3g5yACwYnA,3,-3g5yACwYnA__3,/root/HuaWeiCup/dataset/-3g5yACwYnA/3.mp4,0.0,Neutral,success,19.273,0.5,70,39,768,50,465,29,28,29,[],[]
4,-3g5yACwYnA,2,-3g5yACwYnA__2,/root/HuaWeiCup/dataset/-3g5yACwYnA/2.mp4,0.0,Neutral,success,14.234,0.5,70,29,768,50,465,17,18,19,[],[]
5,-3g5yACwYnA,9,-3g5yACwYnA__9,/root/HuaWeiCup/dataset/-3g5yACwYnA/9.mp4,0.6666666865348816,Positive,success,16.234,0.5,70,33,768,50,465,25,17,18,[],[]
6,-3nNcZdcdvU,5,-3nNcZdcdvU__5,/root/HuaWeiCup/dataset/-3nNcZdcdvU/5.mp4,0.0,Neutral,success,10.937,0.5,70,22,768,50,465,19,16,16,[],[]
7,-HwX2H8Z4hY,2,-HwX2H8Z4hY__2,/root/HuaWeiCup/dataset/-HwX2H8Z4hY/2.mp4,0.0,Neutral,success,8.151,0.5,70,17,768,50,465,7,8,3,"[""1 supplied words lack timestamps""]",[]
8,-HwX2H8Z4hY,5,-HwX2H8Z4hY__5,/root/HuaWeiCup/dataset/-HwX2H8Z4hY/5.mp4,-1.0,Negative,success,11.467,0.5,70,23,768,50,465,18,11,5,"[""1 supplied words lack timestamps""]",[]
9,-HwX2H8Z4hY,6,-HwX2H8Z4hY__6,/root/HuaWeiCup/dataset/-HwX2H8Z4hY/6.mp4,0.0,Neutral,success,6.767,0.5,70,14,768,50,465,9,7,5,[],[]
10,-HwX2H8Z4hY,9,-HwX2H8Z4hY__9,/root/HuaWeiCup/dataset/-HwX2H8Z4hY/9.mp4,-0.3333333432674408,Negative,success,11.434,0.5,70,23,768,50,465,21,16,5,[],[]
11,-NFrJFQijFE,1,-NFrJFQijFE__1,/root/HuaWeiCup/dataset/-NFrJFQijFE/1.mp4,0.3333333432674408,Positive,success,9.12,0.5,70,19,768,50,465,12,12,0,[],[]
12,-NFrJFQijFE,2,-NFrJFQijFE__2,/root/HuaWeiCup/dataset/-NFrJFQijFE/2.mp4,0.0,Neutral,success,9.76,0.5,70,20,768,50,465,14,14,0,[],[]
13,-THoVjtIkeU,12,-THoVjtIkeU__12,/root/HuaWeiCup/dataset/-THoVjtIkeU/12.mp4,2.0,Positive,success,18.8,0.5,70,38,768,50,465,30,30,30,[],[]
14,-THoVjtIkeU,2,-THoVjtIkeU__2,/root/HuaWeiCup/dataset/-THoVjtIkeU/2.mp4,1.3333333730697632,Positive,success,4.644,0.5,70,10,768,50,465,8,9,9,[],[]
15,-THoVjtIkeU,6,-THoVjtIkeU__6,/root/HuaWeiCup/dataset/-THoVjtIkeU/6.mp4,2.6666667461395264,Positive,success,11.067,0.5,70,23,768,50,465,20,16,16,[],[]
16,-UuX1xuaiiE,1,-UuX1xuaiiE__1,/root/HuaWeiCup/dataset/-UuX1xuaiiE/1.mp4,1.6666666269302368,Positive,success,13.434,0.5,70,27,768,50,465,23,21,21,[],[]
17,-UuX1xuaiiE,0,-UuX1xuaiiE__0,/root/HuaWeiCup/dataset/-UuX1xuaiiE/0.mp4,2.6666667461395264,Positive,success,3.7,0.5,70,8,768,50,465,7,8,7,[],[]
18,-UuX1xuaiiE,3,-UuX1xuaiiE__3,/root/HuaWeiCup/dataset/-UuX1xuaiiE/3.mp4,0.3333333432674408,Positive,success,10.634,0.5,70,22,768,50,465,16,8,8,[],[]
19,-UuX1xuaiiE,6,-UuX1xuaiiE__6,/root/HuaWeiCup/dataset/-UuX1xuaiiE/6.mp4,-0.3333333432674408,Negative,success,15.234,0.5,70,31,768,50,465,24,16,16,[],[]
20,-a55Q6RWvTA,3,-a55Q6RWvTA__3,/root/HuaWeiCup/dataset/-a55Q6RWvTA/3.mp4,0.6666666865348816,Positive,success,22.617,0.5,70,46,768,50,465,41,45,44,[],[]
21,-aNfi7CP8vM,7,-aNfi7CP8vM__7,/root/HuaWeiCup/dataset/-aNfi7CP8vM/7.mp4,0.0,Neutral,success,11.334,0.5,70,23,768,50,465,20,17,16,[],[]
22,-aqamKhZ1Ec,0,-aqamKhZ1Ec__0,/root/HuaWeiCup/dataset/-aqamKhZ1Ec/0.mp4,-2.0,Negative,success,11.0,0.5,70,22,768,50,465,19,22,21,"[""1 supplied words lack timestamps""]",[]
23,-dxfTGcXJoc,1,-dxfTGcXJoc__1,/root/HuaWeiCup/dataset/-dxfTGcXJoc/1.mp4,1.6666666269302368,Positive,success,19.7,0.5,70,40,768,50,465,37,32,31,[],[]
24,-dxfTGcXJoc,0,-dxfTGcXJoc__0,/root/HuaWeiCup/dataset/-dxfTGcXJoc/0.mp4,1.0,Positive,success,20.534,0.5,70,42,768,50,465,35,39,28,"[""3 supplied words lack timestamps""]",[]
25,-dxfTGcXJoc,2,-dxfTGcXJoc__2,/root/HuaWeiCup/dataset/-dxfTGcXJoc/2.mp4,0.6666666865348816,Positive,success,19.552,0.5,70,40,768,50,465,37,34,31,"[""2 supplied words lack timestamps""]",[]
26,-dxfTGcXJoc,6,-dxfTGcXJoc__6,/root/HuaWeiCup/dataset/-dxfTGcXJoc/6.mp4,0.6666666865348816,Positive,success,12.967,0.5,70,26,768,50,465,25,26,25,[],[]
27,-egA8-b7-3M,26,-egA8-b7-3M__26,/root/HuaWeiCup/dataset/-egA8-b7-3M/26.mp4,1.6666666269302368,Positive,success,11.5,0.5,70,23,768,50,465,18,12,12,[],[]
28,-egA8-b7-3M,17,-egA8-b7-3M__17,/root/HuaWeiCup/dataset/-egA8-b7-3M/17.mp4,0.3333333432674408,Positive,success,14.0,0.5,70,28,768,50,465,21,15,15,[],[]
29,-egA8-b7-3M,18,-egA8-b7-3M__18,/root/HuaWeiCup/dataset/-egA8-b7-3M/18.mp4,1.0,Positive,success,13.367,0.5,70,27,768,50,465,24,17,15,[],[]
30,-egA8-b7-3M,16,-egA8-b7-3M__16,/root/HuaWeiCup/dataset/-egA8-b7-3M/16.mp4,0.6666666865348816,Positive,success,7.129,0.5,70,15,768,50,465,12,11,11,[],[]
31,-egA8-b7-3M,13,-egA8-b7-3M__13,/root/HuaWeiCup/dataset/-egA8-b7-3M/13.mp4,0.3333333432674408,Positive,success,6.967,0.5,70,14,768,50,465,11,8,8,[],[]
32,-egA8-b7-3M,1,-egA8-b7-3M__1,/root/HuaWeiCup/dataset/-egA8-b7-3M/1.mp4,0.6666666865348816,Positive,success,11.534,0.5,70,24,768,50,465,21,21,17,"[""1 supplied words lack timestamps""]",[]
33,-egA8-b7-3M,6,-egA8-b7-3M__6,/root/HuaWeiCup/dataset/-egA8-b7-3M/6.mp4,0.6666666865348816,Positive,success,8.035,0.5,70,17,768,50,465,14,13,12,[],[]
34,-egA8-b7-3M,9,-egA8-b7-3M__9,/root/HuaWeiCup/dataset/-egA8-b7-3M/9.mp4,0.3333333432674408,Positive,success,10.134,0.5,70,21,768,50,465,16,10,10,[],[]
35,-egA8-b7-3M,20,-egA8-b7-3M__20,/root/HuaWeiCup/dataset/-egA8-b7-3M/20.mp4,0.3333333432674408,Positive,success,14.767,0.5,70,30,768,50,465,23,13,13,[],[]
36,-iRBcNs9oI8,3,-iRBcNs9oI8__3,/root/HuaWeiCup/dataset/-iRBcNs9oI8/3.mp4,0.6666666865348816,Positive,success,5.84,0.5,70,12,768,50,465,5,11,11,[],[]
37,-iRBcNs9oI8,7,-iRBcNs9oI8__7,/root/HuaWeiCup/dataset/-iRBcNs9oI8/7.mp4,0.6666666865348816,Positive,success,5.806,0.5,70,12,768,50,465,9,8,8,[],[]
38,-iRBcNs9oI8,6,-iRBcNs9oI8__6,/root/HuaWeiCup/dataset/-iRBcNs9oI8/6.mp4,0.3333333432674408,Positive,success,7.475,0.5,70,15,768,50,465,4,6,5,[],[]
39,-iRBcNs9oI8,9,-iRBcNs9oI8__9,/root/HuaWeiCup/dataset/-iRBcNs9oI8/9.mp4,1.3333333730697632,Positive,success,7.152,0.5,70,15,768,50,465,6,5,5,[],[]
40,-iRBcNs9oI8,8,-iRBcNs9oI8__8,/root/HuaWeiCup/dataset/-iRBcNs9oI8/8.mp4,1.0,Positive,success,8.642,0.5,70,18,768,50,465,11,15,16,[],[]
41,-lzEya4AM_4,5,-lzEya4AM_4__5,/root/HuaWeiCup/dataset/-lzEya4AM_4/5.mp4,-0.6666666865348816,Negative,success,7.8,0.5,70,16,768,50,465,12,16,14,[],[]
42,-lzEya4AM_4,6,-lzEya4AM_4__6,/root/HuaWeiCup/dataset/-lzEya4AM_4/6.mp4,-0.3333333432674408,Negative,success,22.733,0.5,70,46,768,50,465,42,30,29,[],[]
43,-mJ2ud6oKI8,1,-mJ2ud6oKI8__1,/root/HuaWeiCup/dataset/-mJ2ud6oKI8/1.mp4,0.0,Neutral,success,6.574,0.5,70,14,768,50,465,3,0,0,[],[]
44,-mJ2ud6oKI8,2,-mJ2ud6oKI8__2,/root/HuaWeiCup/dataset/-mJ2ud6oKI8/2.mp4,0.0,Neutral,success,6.781,0.5,70,14,768,50,465,5,0,0,[],[]
45,-mJ2ud6oKI8,6,-mJ2ud6oKI8__6,/root/HuaWeiCup/dataset/-mJ2ud6oKI8/6.mp4,0.3333333432674408,Positive,success,2.648,0.5,70,6,768,50,465,3,5,4,[],[]
46,-mJ2ud6oKI8,9,-mJ2ud6oKI8__9,/root/HuaWeiCup/dataset/-mJ2ud6oKI8/9.mp4,0.0,Neutral,success,10.01,0.5,70,21,768,50,465,16,14,14,[],[]
47,-mJ2ud6oKI8,8,-mJ2ud6oKI8__8,/root/HuaWeiCup/dataset/-mJ2ud6oKI8/8.mp4,-0.3333333432674408,Negative,success,8.662,0.5,70,18,768,50,465,8,9,8,[],[]
48,-mqbVkbCndg,0,-mqbVkbCndg__0,/root/HuaWeiCup/dataset/-mqbVkbCndg/0.mp4,0.0,Neutral,success,6.5,0.5,70,13,768,50,465,12,13,13,[],[]
49,-t217m2on-s,2,-t217m2on-s__2,/root/HuaWeiCup/dataset/-t217m2on-s/2.mp4,0.6666666865348816,Positive,success,8.011,0.5,70,17,768,50,465,12,10,10,[],[]
50,-t217m2on-s,7,-t217m2on-s__7,/root/HuaWeiCup/dataset/-t217m2on-s/7.mp4,-0.6666666865348816,Negative,success,18.7,0.5,70,38,768,50,465,34,32,32,[],[]
51,-tANM6ETl_M,3,-tANM6ETl_M__3,/root/HuaWeiCup/dataset/-tANM6ETl_M/3.mp4,0.3333333432674408,Positive,success,9.1,0.5,70,19,768,50,465,16,14,13,[],[]
52,-tPCytz4rww,11,-tPCytz4rww__11,/root/HuaWeiCup/dataset/-tPCytz4rww/11.mp4,0.0,Neutral,success,8.0,0.5,70,16,768,50,465,14,11,11,[],[]
53,-tPCytz4rww,10,-tPCytz4rww__10,/root/HuaWeiCup/dataset/-tPCytz4rww/10.mp4,0.0,Neutral,success,11.734,0.5,70,24,768,50,465,17,10,10,[],[]
54,-tPCytz4rww,12,-tPCytz4rww__12,/root/HuaWeiCup/dataset/-tPCytz4rww/12.mp4,0.0,Neutral,success,18.767,0.5,70,38,768,50,465,33,24,24,[],[]
55,-tPCytz4rww,16,-tPCytz4rww__16,/root/HuaWeiCup/dataset/-tPCytz4rww/16.mp4,0.0,Neutral,success,13.236,0.5,70,27,768,50,465,20,15,14,[],[]
56,-tPCytz4rww,18,-tPCytz4rww__18,/root/HuaWeiCup/dataset/-tPCytz4rww/18.mp4,0.0,Neutral,success,14.281,0.5,70,29,768,50,465,23,14,12,[],[]
57,-vxjVxOeScU,4,-vxjVxOeScU__4,/root/HuaWeiCup/dataset/-vxjVxOeScU/4.mp4,1.0,Positive,success,11.734,0.5,70,24,768,50,465,21,18,16,[],[]
58,-wMB_hJL-3o,7,-wMB_hJL-3o__7,/root/HuaWeiCup/dataset/-wMB_hJL-3o/7.mp4,0.3333333432674408,Positive,success,7.315,0.5,70,15,768,50,465,13,12,11,[],[]
59,-wny0OAz3g8,1,-wny0OAz3g8__1,/root/HuaWeiCup/dataset/-wny0OAz3g8/1.mp4,0.3333333432674408,Positive,success,9.1,0.5,70,19,768,50,465,16,14,14,"[""1 supplied words lack timestamps""]",[]
60,-wny0OAz3g8,0,-wny0OAz3g8__0,/root/HuaWeiCup/dataset/-wny0OAz3g8/0.mp4,0.3333333432674408,Positive,success,3.334,0.5,70,7,768,50,465,6,7,7,[],[]
61,-wny0OAz3g8,3,-wny0OAz3g8__3,/root/HuaWeiCup/dataset/-wny0OAz3g8/3.mp4,-1.3333333730697632,Negative,success,11.169,0.5,70,23,768,50,465,20,13,12,[],[]
62,-wny0OAz3g8,2,-wny0OAz3g8__2,/root/HuaWeiCup/dataset/-wny0OAz3g8/2.mp4,-0.3333333432674408,Negative,success,11.934,0.5,70,24,768,50,465,22,13,13,[],[]
63,-wny0OAz3g8,5,-wny0OAz3g8__5,/root/HuaWeiCup/dataset/-wny0OAz3g8/5.mp4,1.0,Positive,success,9.967,0.5,70,20,768,50,465,18,14,13,[],[]
64,-wny0OAz3g8,7,-wny0OAz3g8__7,/root/HuaWeiCup/dataset/-wny0OAz3g8/7.mp4,0.0,Neutral,success,9.5,0.5,70,19,768,50,465,18,16,16,[],[]
65,-wny0OAz3g8,9,-wny0OAz3g8__9,/root/HuaWeiCup/dataset/-wny0OAz3g8/9.mp4,0.6666666865348816,Positive,success,9.867,0.5,70,20,768,50,465,19,12,12,[],[]
66,-571d8cVauQ,0,-571d8cVauQ__0,/root/HuaWeiCup/dataset/-571d8cVauQ/0.mp4,0.0,Neutral,success,5.167,0.5,70,11,768,50,465,8,9,9,[],[]
67,-571d8cVauQ,5,-571d8cVauQ__5,/root/HuaWeiCup/dataset/-571d8cVauQ/5.mp4,0.3333333432674408,Positive,success,18.5,0.5,70,37,768,50,465,33,31,31,[],[]
68,-I_e4mIh0yE,1,-I_e4mIh0yE__1,/root/HuaWeiCup/dataset/-I_e4mIh0yE/1.mp4,-0.6666666865348816,Negative,success,10.767,0.5,70,22,768,50,465,17,15,15,[],[]
69,-I_e4mIh0yE,3,-I_e4mIh0yE__3,/root/HuaWeiCup/dataset/-I_e4mIh0yE/3.mp4,0.6666666865348816,Positive,success,9.3,0.5,70,19,768,50,465,16,18,18,[],[]
70,-UacrmKiTn4,10,-UacrmKiTn4__10,/root/HuaWeiCup/dataset/-UacrmKiTn4/10.mp4,-0.6666666865348816,Negative,success,12.634,0.5,70,26,768,50,465,21,14,15,[],[]
71,-UacrmKiTn4,4,-UacrmKiTn4__4,/root/HuaWeiCup/dataset/-UacrmKiTn4/4.mp4,-1.3333333730697632,Negative,success,6.223,0.5,70,13,768,50,465,10,10,9,[],[]
72,-hnBHBN8p5A,7,-hnBHBN8p5A__7,/root/HuaWeiCup/dataset/-hnBHBN8p5A/7.mp4,0.6666666865348816,Positive,success,9.176,0.5,70,19,768,50,465,10,15,11,[],[]
73,-hnBHBN8p5A,6,-hnBHBN8p5A__6,/root/HuaWeiCup/dataset/-hnBHBN8p5A/6.mp4,1.0,Positive,success,11.429,0.5,70,23,768,50,465,13,13,6,[],[]
74,-qDkUB0GgYY,6,-qDkUB0GgYY__6,/root/HuaWeiCup/dataset/-qDkUB0GgYY/6.mp4,1.3333333730697632,Positive,success,9.683,0.5,70,20,768,50,465,15,10,9,[],[]
75,-uywlfIYOS8,4,-uywlfIYOS8__4,/root/HuaWeiCup/dataset/-uywlfIYOS8/4.mp4,0.3333333432674408,Positive,success,14.334,0.5,70,29,768,50,465,26,12,12,[],[]
76,-6rXp3zJ3kc,8,-6rXp3zJ3kc__8,/root/HuaWeiCup/dataset/-6rXp3zJ3kc/8.mp4,-1.0,Negative,success,16.58,0.5,70,34,768,50,465,28,26,24,[],[]
77,-9y-fZ3swSY,0,-9y-fZ3swSY__0,/root/HuaWeiCup/dataset/-9y-fZ3swSY/0.mp4,1.0,Positive,success,6.9,0.5,70,14,768,50,465,12,14,13,[],[]
78,-9y-fZ3swSY,4,-9y-fZ3swSY__4,/root/HuaWeiCup/dataset/-9y-fZ3swSY/4.mp4,0.0,Neutral,success,9.334,0.5,70,19,768,50,465,16,6,6,[],[]
79,-9y-fZ3swSY,8,-9y-fZ3swSY__8,/root/HuaWeiCup/dataset/-9y-fZ3swSY/8.mp4,1.6666666269302368,Positive,success,10.775,0.5,70,22,768,50,465,18,10,10,[],[]
80,-AUZQgSxyPQ,2,-AUZQgSxyPQ__2,/root/HuaWeiCup/dataset/-AUZQgSxyPQ/2.mp4,0.6666666865348816,Positive,success,27.3,0.5,70,55,768,50,465,51,45,45,[],[]
81,-HeZS2-Prhc,2,-HeZS2-Prhc__2,/root/HuaWeiCup/dataset/-HeZS2-Prhc/2.mp4,0.6666666865348816,Positive,success,15.834,0.5,70,32,768,50,465,24,17,16,[],[]
82,-MeTTeMJBNc,0,-MeTTeMJBNc__0,/root/HuaWeiCup/dataset/-MeTTeMJBNc/0.mp4,0.3333333432674408,Positive,success,9.334,0.5,70,19,768,50,465,16,19,17,[],[]
83,-MeTTeMJBNc,13,-MeTTeMJBNc__13,/root/HuaWeiCup/dataset/-MeTTeMJBNc/13.mp4,0.3333333432674408,Positive,success,7.467,0.5,70,15,768,50,465,13,10,11,[],[]
84,-MeTTeMJBNc,7,-MeTTeMJBNc__7,/root/HuaWeiCup/dataset/-MeTTeMJBNc/7.mp4,1.3333333730697632,Positive,success,17.367,0.5,70,35,768,50,465,31,21,19,[],[]
85,-RfYyzHpjk4,11,-RfYyzHpjk4__11,/root/HuaWeiCup/dataset/-RfYyzHpjk4/11.mp4,2.0,Positive,success,11.7,0.5,70,24,768,50,465,19,10,10,[],[]
86,-RfYyzHpjk4,8,-RfYyzHpjk4__8,/root/HuaWeiCup/dataset/-RfYyzHpjk4/8.mp4,0.3333333432674408,Positive,success,11.657,0.5,70,24,768,50,465,19,9,8,[],[]
87,-RfYyzHpjk4,2,-RfYyzHpjk4__2,/root/HuaWeiCup/dataset/-RfYyzHpjk4/2.mp4,0.3333333432674408,Positive,success,6.234,0.5,70,13,768,50,465,11,10,11,[],[]
88,-UUCSKoHeMA,0,-UUCSKoHeMA__0,/root/HuaWeiCup/dataset/-UUCSKoHeMA/0.mp4,0.0,Neutral,success,7.867,0.5,70,16,768,50,465,13,15,15,[],[]
89,-ri04Z7vwnc,0,-ri04Z7vwnc__0,/root/HuaWeiCup/dataset/-ri04Z7vwnc/0.mp4,0.0,Neutral,success,3.295,0.5,70,7,768,50,465,5,6,0,[],[]
90,-ri04Z7vwnc,2,-ri04Z7vwnc__2,/root/HuaWeiCup/dataset/-ri04Z7vwnc/2.mp4,-0.3333333432674408,Negative,success,6.966,0.5,70,14,768,50,465,14,12,0,[],[]
91,-ri04Z7vwnc,5,-ri04Z7vwnc__5,/root/HuaWeiCup/dataset/-ri04Z7vwnc/5.mp4,0.3333333432674408,Positive,success,5.965,0.5,70,12,768,50,465,5,7,7,"[""1 supplied words lack timestamps""]",[]
92,-s9qJ7ATP7w,1,-s9qJ7ATP7w__1,/root/HuaWeiCup/dataset/-s9qJ7ATP7w/1.mp4,0.6666666865348816,Positive,success,10.9,0.5,70,22,768,50,465,14,10,10,[],[]
93,-s9qJ7ATP7w,0,-s9qJ7ATP7w__0,/root/HuaWeiCup/dataset/-s9qJ7ATP7w/0.mp4,-0.3333333432674408,Negative,success,6.867,0.5,70,14,768,50,465,13,14,14,[],[]
94,-s9qJ7ATP7w,5,-s9qJ7ATP7w__5,/root/HuaWeiCup/dataset/-s9qJ7ATP7w/5.mp4,-2.0,Negative,success,13.567,0.5,70,28,768,50,465,23,17,17,[],[]
95,-s9qJ7ATP7w,4,-s9qJ7ATP7w__4,/root/HuaWeiCup/dataset/-s9qJ7ATP7w/4.mp4,0.0,Neutral,success,6.2,0.5,70,13,768,50,465,10,9,7,[],[]
96,-s9qJ7ATP7w,7,-s9qJ7ATP7w__7,/root/HuaWeiCup/dataset/-s9qJ7ATP7w/7.mp4,1.0,Positive,success,12.767,0.5,70,26,768,50,465,20,14,10,[],[]
97,-s9qJ7ATP7w,6,-s9qJ7ATP7w__6,/root/HuaWeiCup/dataset/-s9qJ7ATP7w/6.mp4,0.0,Neutral,success,6.6,0.5,70,14,768,50,465,6,5,4,[],[]
98,-s9qJ7ATP7w,8,-s9qJ7ATP7w__8,/root/HuaWeiCup/dataset/-s9qJ7ATP7w/8.mp4,1.3333333730697632,Positive,success,6.6,0.5,70,14,768,50,465,10,7,7,"[""1 supplied words lack timestamps""]",[]
99,-yRb-Jum7EQ,1,-yRb-Jum7EQ__1,/root/HuaWeiCup/dataset/-yRb-Jum7EQ/1.mp4,0.0,Neutral,success,34.567,0.5,70,70,768,50,465,61,52,55,[],[]
100,-yRb-Jum7EQ,5,-yRb-Jum7EQ__5,/root/HuaWeiCup/dataset/-yRb-Jum7EQ/5.mp4,-0.6666666865348816,Negative,success,13.634,0.5,70,28,768,50,465,25,25,25,[],[]
101,-yRb-Jum7EQ,6,-yRb-Jum7EQ__6,/root/HuaWeiCup/dataset/-yRb-Jum7EQ/6.mp4,0.0,Neutral,success,15.488,0.5,70,31,768,50,465,25,20,21,[],[]
