sample_id,predicted_class,p_negative,p_neutral,p_positive,predicted_intensity,neutral_authenticity,neutral_rejected,text_confidence_delta,text_intensity_delta,audio_confidence_delta,audio_intensity_delta,vision_confidence_delta,vision_intensity_delta,text_importance,audio_importance,vision_importance,dominant_modality,video_found,source_video,video_duration_sec,time_mapping_rule,text_key_positions,key_text,audio_key_positions,audio_time_range,vision_key_positions,visual_time_range,visual_key_frame
01,Positive,0.0231742547999872,0.3350489839214929,0.6417767612785199,0.3715885941471372,1.0,0,0.4561741116817366,0.3796599750806178,0.0091005348630752,0.0242528191634586,-0.0031242547545435,-0.0519865027495792,0.939329464620958,0.0277011093076245,0.0329694260714173,text,True,E:\2026\code\code\san2\data\附件4\对齐版本\videos\01.mp4,9.0,aligned-position proportional mapping to video duration,12-13; 15; 7,is essential to | ensuring the | replacing the,2-4; 12-13; 6,0.375-1.500s; 4.125-4.875s; 1.875-2.250s,23-24; 1; 3-4,8.250-9.000s; 0.000-0.375s; 0.750-1.500s,E:\2026\code\code\san2\paper_results\q3\attachment4\exp183_frozen\local_evidence\keyframes\01_vision_1.jpg; E:\2026\code\code\san2\paper_results\q3\attachment4\exp183_frozen\local_evidence\keyframes\01_vision_2.jpg; E:\2026\code\code\san2\paper_results\q3\attachment4\exp183_frozen\local_evidence\keyframes\01_vision_3.jpg
02,Positive,0.0419799462946134,0.087117001598766,0.8709030521066206,0.5751221414123263,1.0,0,0.8058793732225185,0.7498676808817046,-0.0304443500395075,-0.129306280187198,-0.0214210712283687,-0.0892062804528645,0.8943677209249056,0.0622990792811512,0.0433331997939432,text,True,E:\2026\code\code\san2\data\附件4\对齐版本\videos\02.mp4,3.6,aligned-position proportional mapping to video duration,15; 11-12; 9,not | other’s happiness | each,5-10; 13; 2,0.686-1.714s; 2.057-2.229s; 0.171-0.343s,12-14; 18-19; 9-10,1.886-2.400s; 2.914-3.257s; 1.371-1.714s,E:\2026\code\code\san2\paper_results\q3\attachment4\exp183_frozen\local_evidence\keyframes\02_vision_1.jpg; E:\2026\code\code\san2\paper_results\q3\attachment4\exp183_frozen\local_evidence\keyframes\02_vision_2.jpg; E:\2026\code\code\san2\paper_results\q3\attachment4\exp183_frozen\local_evidence\keyframes\02_vision_3.jpg
03,Negative,0.8048209407294609,0.1546407206318603,0.0405383386386788,-0.5365382842719555,1.0,0,0.3184123425924038,-0.551918987184763,0.0027206954999203,-0.0206813620669501,-0.0808164710347434,0.036187009619815,0.8305556097395879,0.0158948959321386,0.1535494943282734,text,True,E:\2026\code\code\san2\data\附件4\对齐版本\videos\03.mp4,16.0,aligned-position proportional mapping to video duration,20-21; 25-26; 13,"don't take | into account, | think is",26-27; 18; 13,11.429-12.343s; 7.771-8.229s; 5.486-5.943s,33-35; 1-4; 14-15,14.629-16.000s; 0.000-1.829s; 5.943-6.857s,E:\2026\code\code\san2\paper_results\q3\attachment4\exp183_frozen\local_evidence\keyframes\03_vision_2.jpg; E:\2026\code\code\san2\paper_results\q3\attachment4\exp183_frozen\local_evidence\keyframes\03_vision_3.jpg
04,Positive,0.4269204625941801,0.0505890427141608,0.5224904946916591,-0.068149025951113,1.0,0,-0.1652406673394633,-0.7488752284220287,0.0630252612048957,0.1898230399404253,0.2626993755557324,0.4034660343479898,0.4421209975558834,0.1345970581853681,0.4232819442587484,text,True,E:\2026\code\code\san2\data\附件4\对齐版本\videos\04.mp4,9.233333333333333,aligned-position proportional mapping to video duration,25-28; 13-14; 21,goodbye?] Absolutely not. | should I | cheering,25-27; 2; 11,7.914-8.904s; 0.330-0.660s; 3.298-3.627s,8-10; 2; 15,2.308-3.298s; 0.330-0.660s; 4.617-4.946s,E:\2026\code\code\san2\paper_results\q3\attachment4\exp183_frozen\local_evidence\keyframes\04_vision_1.jpg; E:\2026\code\code\san2\paper_results\q3\attachment4\exp183_frozen\local_evidence\keyframes\04_vision_2.jpg; E:\2026\code\code\san2\paper_results\q3\attachment4\exp183_frozen\local_evidence\keyframes\04_vision_3.jpg
05,Positive,0.0083525928634109,0.1650594866810587,0.8265879204555303,0.8584253873143878,1.0,0,0.2907123883643365,0.4752099961042405,-0.0037445701576209,-0.0510969332286289,0.0539154861574278,0.3414301191057478,0.7043647302899755,0.0325851482854569,0.2630501214245674,text,True,E:\2026\code\code\san2\data\附件4\对齐版本\videos\05.mp4,6.1,aligned-position proportional mapping to video duration,17; 1-2; 8,"Marketing. | Hi, my | Chloe, video",1-4; 12,0.000-1.435s; 3.947-4.306s,2-6; 12; 15,0.359-2.153s; 3.947-4.306s; 5.024-5.382s,E:\2026\code\code\san2\paper_results\q3\attachment4\exp183_frozen\local_evidence\keyframes\05_vision_1.jpg; E:\2026\code\code\san2\paper_results\q3\attachment4\exp183_frozen\local_evidence\keyframes\05_vision_2.jpg; E:\2026\code\code\san2\paper_results\q3\attachment4\exp183_frozen\local_evidence\keyframes\05_vision_3.jpg
06,Positive,0.0126560552999189,0.1823071182777685,0.8050368264223126,0.7609294865812574,1.0,0,0.6712726984004305,0.8158974128642252,-0.1204749425438614,-0.0840227561337607,-0.1378714531695712,-0.1148617139884404,0.7439495138917808,0.1171108941736146,0.1389395919346045,text,True,E:\2026\code\code\san2\data\附件4\对齐版本\videos\06.mp4,9.733333333333333,aligned-position proportional mapping to video duration,30-33; 1-3; 27,check out this movie | If you're a | might want,2-6; 22; 28,0.263-1.578s; 5.524-5.787s; 7.103-7.366s,37; 1; 7-10,9.470-9.733s; 0.000-0.263s; 1.578-2.631s,E:\2026\code\code\san2\paper_results\q3\attachment4\exp183_frozen\local_evidence\keyframes\06_vision_2.jpg; E:\2026\code\code\san2\paper_results\q3\attachment4\exp183_frozen\local_evidence\keyframes\06_vision_3.jpg
07,Positive,0.0077494979492207,0.0390578694303029,0.9531926326204764,0.9242615699768066,1.0,0,0.6073960005647396,0.8876610845327377,-0.0018003182961043,-0.0545784149851117,-0.0002166532792116,-0.0653560246740069,0.955573797757433,0.0211505188788384,0.0232756833637285,text,True,E:\2026\code\code\san2\data\附件4\对齐版本\videos\07.mp4,24.1,aligned-position proportional mapping to video duration,13-15; 47-49; 6-7,attendees “enthusiastically discussed the | make it succeed and | Baadke reports in,7-8; 23-24; 1-2,2.892-3.856s; 10.604-11.568s; 0.000-0.964s,1-9; 49-50; 13-15,0.000-4.338s; 23.136-24.100s; 5.784-7.230s,E:\2026\code\code\san2\paper_results\q3\attachment4\exp183_frozen\local_evidence\keyframes\07_vision_1.jpg; E:\2026\code\code\san2\paper_results\q3\attachment4\exp183_frozen\local_evidence\keyframes\07_vision_3.jpg
08,Neutral,0.0140274505541821,0.6763438768157689,0.309628672630049,0.2657449410430023,0.504115502623636,0,0.1297753486742329,0.3990179428032466,0.3098224114500347,-0.1195546489741121,0.6763438768157689,-0.0928456086133207,0.1991148223744359,0.2649551578062635,0.5359300198193007,vision,True,E:\2026\code\code\san2\data\附件4\对齐版本\videos\08.mp4,7.966666666666667,aligned-position proportional mapping to video duration,3-4; 11-12; 7,"brings us to | Design Grand Challenge | tonight, the",6-7; 2; 12,3.064-4.290s; 0.613-1.226s; 6.741-7.354s,1-5; 7-8; 13,0.000-3.064s; 3.677-4.903s; 7.354-7.967s,E:\2026\code\code\san2\paper_results\q3\attachment4\exp183_frozen\local_evidence\keyframes\08_vision_1.jpg; E:\2026\code\code\san2\paper_results\q3\attachment4\exp183_frozen\local_evidence\keyframes\08_vision_2.jpg
09,Negative,0.9862841324890916,0.0094935364563771,0.0042223310545313,-1.989319554397038,1.0,0,0.6183819754045361,-1.9172056019306185,-0.0002073413286577,-0.0174797603062222,3.947157934347523e-05,-0.0150886603764126,0.9912475481218452,0.0047565422157505,0.0039959096624041,text,True,E:\2026\code\code\san2\data\附件4\对齐版本\videos\09.mp4,11.3,aligned-position proportional mapping to video duration,17-18; 6,not recommend | not like,7-8; 1-2; 12,3.390-4.520s; 0.000-1.130s; 6.215-6.780s,2-5; 17; 8,0.565-2.825s; 9.040-9.605s; 3.955-4.520s,E:\2026\code\code\san2\paper_results\q3\attachment4\exp183_frozen\local_evidence\keyframes\09_vision_1.jpg; E:\2026\code\code\san2\paper_results\q3\attachment4\exp183_frozen\local_evidence\keyframes\09_vision_3.jpg
10,Negative,0.967259181418708,0.0163016226374268,0.016439195943865,-1.5472996830940249,1.0,0,0.7775027695248447,-1.660558472786631,0.004325294208226,-0.0914565324783325,-0.000701222475432,-0.0227887289864676,0.9686286931743132,0.0253329681933804,0.0060383386323063,text,True,E:\2026\code\code\san2\data\附件4\对齐版本\videos\10.mp4,10.833333333333334,aligned-position proportional mapping to video duration,32; 1,terrible | (umm),13-14; 10-11; 31,4.062-4.740s; 3.047-3.724s; 10.156-10.495s,1-5; 31-32; 26,0.000-1.693s; 10.156-10.833s; 8.464-8.802s,E:\2026\code\code\san2\paper_results\q3\attachment4\exp183_frozen\local_evidence\keyframes\10_vision_1.jpg; E:\2026\code\code\san2\paper_results\q3\attachment4\exp183_frozen\local_evidence\keyframes\10_vision_3.jpg
