split,field,python_type,shape,dtype,length,present_in_pickle
test,annotations,,,,,False
test,audio,ndarray,"(727, 50, 74)",float64,727,True
test,classification_labels,ndarray,"(727,)",float64,727,True
test,id,list,"(727,)",<U16,727,True
test,length,,,,,False
test,mask,,,,,False
test,raw_text,ndarray,"(727,)",<U1479,727,True
test,regression_labels,ndarray,"(727,)",float64,727,True
test,text,ndarray,"(727, 50, 768)",float32,727,True
test,text_bert,ndarray,"(727, 3, 50)",int64,727,True
test,vision,ndarray,"(727, 50, 35)",float64,727,True
train,annotations,,,,,False
train,audio,ndarray,"(3395, 50, 74)",float64,3395,True
train,classification_labels,ndarray,"(3395,)",float64,3395,True
train,id,list,"(3395,)",<U16,3395,True
train,length,,,,,False
train,mask,,,,,False
train,raw_text,ndarray,"(3395,)",<U1662,3395,True
train,regression_labels,ndarray,"(3395,)",float64,3395,True
train,text,ndarray,"(3395, 50, 768)",float32,3395,True
train,text_bert,ndarray,"(3395, 3, 50)",int64,3395,True
train,vision,ndarray,"(3395, 50, 35)",float64,3395,True
valid,annotations,,,,,False
valid,audio,ndarray,"(728, 50, 74)",float64,728,True
valid,classification_labels,ndarray,"(728,)",float64,728,True
valid,id,list,"(728,)",<U16,728,True
valid,length,,,,,False
valid,mask,,,,,False
valid,raw_text,ndarray,"(728,)",<U1570,728,True
valid,regression_labels,ndarray,"(728,)",float64,728,True
valid,text,ndarray,"(728, 50, 768)",float32,728,True
valid,text_bert,ndarray,"(728, 3, 50)",int64,728,True
valid,vision,ndarray,"(728, 50, 35)",float64,728,True
