split,check,count,pass
train,duplicate_sample_ids,0,True
train,label_sign_mismatches,0,True
train,label_sheet_regression_mismatches,0,True
train,label_sheet_classification_mismatches,0,True
train,mask_prefix_violations,0,True
train,zero_length_samples,0,True
valid,duplicate_sample_ids,0,True
valid,label_sign_mismatches,0,True
valid,label_sheet_regression_mismatches,0,True
valid,label_sheet_classification_mismatches,0,True
valid,mask_prefix_violations,0,True
valid,zero_length_samples,0,True
test,duplicate_sample_ids,0,True
test,label_sign_mismatches,0,True
test,label_sheet_regression_mismatches,0,True
test,label_sheet_classification_mismatches,0,True
test,mask_prefix_violations,0,True
test,zero_length_samples,0,True
